Date,open,high,low,close,volume
2020-01-02,71.40978524422886,72.46078378305016,71.15668166173941,72.40052032470703,135480400
2020-01-03,71.6291376132339,72.45595040957373,71.47245410922795,71.6966323852539,146322800
2020-01-06,70.81920816221287,72.3065062028637,70.56851011431775,72.26793670654297,118387200
2020-01-07,72.2775784441153,72.53309491165653,71.70869494472285,71.92805480957031,108872000
2020-01-08,71.63154422529517,73.38641550034151,71.63154422529517,73.08509826660156,132079200
2020-01-09,74.06137477592067,74.83033706552648,73.81068409472688,74.63749694824219,170108400
2020-01-10,74.87131787710281,75.37030104945943,74.30483992947904,74.80622863769531,140644800
2020-01-13,75.12200317385458,76.43092342751396,75.00388181987825,76.40440368652344,121532000
2020-01-14,76.34176775906714,76.55148346044966,75.24979396232517,75.37272644042969,161954400
2020-01-15,75.17262239843001,76.05246721987251,74.61819429330173,75.0496826171875,121923600
2020-01-16,75.5920773695483,76.1007048279931,75.23049658770428,75.98981475830078,108829200
2020-01-17,76.23808752279956,76.83349074089385,75.93195182564011,76.83108520507812,137816400
2020-01-21,76.45985409290795,76.90097930249982,76.17299948734095,76.3104019165039,110843200
2020-01-22,76.79491535128935,77.13480208755844,76.4887796776353,76.58279418945312,101832400
2020-01-23,76.6358420591075,77.03116654175618,76.0886451198764,76.95162200927734,104472000
2020-01-24,77.1975035046655,77.93994620320352,76.53942377731238,76.7298583984375,146537600
2020-01-27,74.74113795467083,75.15333787807808,73.4924810810553,74.47357177734375,161940000
2020-01-28,75.35342783283777,76.7515370876536,75.25459488094803,76.58039093017578,162234000
2020-01-29,78.20992276333985,79.02950436307852,77.46988569545148,78.18340301513672,216229200
2020-01-30,77.26740045058162,78.1231386457578,76.83591201430718,78.07010650634766,126743200
2020-01-31,77.36139664518089,77.78324080814086,74.31448034488959,74.60856628417969,199588400
2020-02-03,73.35267280813538,75.56795795185045,72.85128411079334,74.40367126464844,173788400
2020-02-04,76.00667569866678,77.05044280806926,75.60170706629567,76.8600082397461,136616400
2020-02-05,77.98571584340952,78.28462753135985,76.88410566550306,77.48674011230469,118826800
2020-02-06,77.75672634398214,78.39551744527337,77.19989265225486,78.39310455322266,105425600
2020-02-07,77.89294126547146,78.14181565091206,76.83703724788526,77.3275375366211,117684000
2020-02-10,75.91402717049185,77.69480895996094,75.83429386411699,77.69480895996094,109348800
2020-02-11,78.19015142253798,78.26263625107545,77.0085971005104,77.22605895996094,94323200
2020-02-12,77.67547099896561,79.0648197921596,77.67547099896561,79.05998992919922,113730400
2020-02-13,78.33272065286425,78.82322105727773,78.12975573109031,78.49702453613281,94747600
2020-02-14,78.4656106619056,78.76523186182376,78.00894143905393,78.516357421875,80113600
2020-02-18,76.19915236156656,77.25989377012822,76.0179329078446,77.07867431640625,152531200
2020-02-19,77.32029972520789,78.42453202537972,77.32029972520789,78.19498443603516,93984000
2020-02-20,77.95576899229526,78.44385067885128,76.88777921917897,77.39277648925781,100566000
2020-02-21,76.9868493533589,77.4290289157497,75.0248480652508,75.6409912109375,129554000
2020-02-24,71.8257200728422,73.49776723386336,69.88546431842104,72.04801177978516,222195200
2020-02-25,72.71732938397975,73.09909512359589,69.13643119372864,69.60759735107422,230673600
2020-02-26,69.23308056046676,71.97553646481957,69.22583207719232,70.71183013916016,198054800
2020-02-27,67.92102067511314,69.10498573923513,65.95418292617104,66.08949279785156,320605600
2020-02-28,62.160671794936235,67.27105731603613,61.94562123770189,66.05084228515625,426510000
2020-03-02,68.20615768991611,72.83571074634416,67.10434419306169,72.20023345947266,341397200
2020-03-03,73.3745366413102,73.45426993984877,69.05667582944147,69.9072036743164,319475600
2020-03-04,71.62757081642688,73.30928474411743,70.82778980651666,73.14981079101562,219178400
2020-03-05,71.40528289969257,72.3790349760971,70.41220399588842,70.77706146240234,187572800
2020-03-06,68.13850549074616,70.26964775134793,67.95245619771107,69.8371353149414,226176800
2020-03-09,63.72884532127841,67.19376061426469,63.54762585590985,64.31358337402344,286744800
2020-03-10,66.96420578722295,69.21132371848606,65.0867678159455,68.9455337524414,285290000
2020-03-11,67.02461750309321,67.9500415324096,65.68841908631278,66.551025390625,255598800
2020-03-12,61.841735279374994,65.23899494473845,59.92322498627828,59.978797912597656,418474000
2020-03-13,64.00427846865324,67.63591489908035,61.119261384040925,67.16474151611328,370732000
2020-03-16,58.46138678881957,62.60043602101579,57.9902170129729,58.52421188354492,322423600
2020-03-17,59.80483021639644,62.245249799692694,57.60361793460999,61.097530364990234,324056000
2020-03-18,57.93465023452481,60.406482464640554,57.29433930824816,59.60186767578125,300233600
2020-03-19,59.775834978401704,61.09269547807698,58.62086339938416,59.14519119262695,271857200
2020-03-20,59.7251016055102,60.8486645049943,55.090717572428154,55.39033508300781,401693200
2020-03-23,55.11002996166237,55.211512386638695,51.372077383902344,54.21359634399414,336752800
2020-03-24,57.11070131069981,59.84832336499044,56.61295251663222,59.65260696411133,287531200
2020-03-25,60.587692247407915,62.39988643227555,59.02920598580545,59.32398986816406,303602000
2020-03-26,59.5656167372231,62.50378482179249,59.526955709117544,62.445796966552734,252087200
2020-03-27,61.07094946417779,61.82482113234886,59.69368249851185,59.86040496826172,204216800
2020-03-30,60.585287078823825,61.74025873047765,60.26150553022684,61.568702697753906,167976400
2020-03-31,61.75958725464871,63.424386025978244,60.88973245903772,61.44305419921875,197002000
2020-04-01,59.560786204803335,60.09719601446135,57.78000444616135,58.21009826660156,176218400
2020-04-02,58.07238377649546,59.23460408290654,57.2411898636497,59.18144607543945,165934000
2020-04-03,58.66677342106095,59.3674871060243,57.741345715951596,58.33091354370117,129880000
2020-04-06,60.62393470039306,63.57418477082714,60.256665999907646,63.41954803466797,201820400
2020-04-07,65.43230640646736,65.64977566750463,62.5811230546705,62.685020446777344,202887200
2020-04-08,63.48478743589154,64.6035165473233,63.1199373363336,64.2894058227539,168895200
2020-04-09,64.92489377394622,65.25592013573771,63.95839000283478,64.75333404541016,161834800
2020-04-13,64.8306516969401,66.13301897916537,64.23141674512242,66.02428436279297,131022800
2020-04-14,67.6552590491188,69.64867293181604,67.1840855454915,69.35871887207031,194994800
2020-04-15,68.23516945822269,69.18475770892147,67.8074941646766,68.72566986083984,131154400
2020-04-16,69.43846626880793,69.63660131632508,68.22308804264783,69.27174377441406,157125200
2020-04-17,68.7884711835537,69.3345480225858,66.89653644635722,68.33179473876953,215250000
2020-04-20,67.15993057649021,68.06119058127958,66.89414057720502,66.91346740722656,130015200
2020-04-21,66.75641592219942,66.99079338426836,64.13477293897611,64.84515380859375,180991600
2020-04-22,66.11126755910753,67.14784486961675,65.77058148476895,66.71292114257812,116862400
2020-04-23,66.65734876053877,68.07811050746528,66.41572281375096,66.45438385009766,124814400
2020-04-24,66.97869281072518,68.38253849821193,66.93036468813068,68.37287139892578,126161200
2020-04-27,68.09020033392981,68.75226055394899,67.6431981560876,68.42123413085938,117087600
2020-04-28,68.88270980207805,69.06392923095741,67.22032976851494,67.31214141845703,112004800
2020-04-29,68.79813268535943,69.99176500480674,68.59516785102663,69.52301025390625,137280800
2020-04-30,70.06185003558508,71.16608226501852,69.67283584195576,70.98969268798828,183064000
2020-05-01,69.1653998296708,72.24612942907099,69.06875096406462,69.84678649902344,240616800
2020-05-04,69.87098252239187,70.96312921364829,69.18234705743826,70.83506774902344,133568000
2020-05-05,71.29414381435919,72.7294023781066,71.14916678667844,71.89820861816406,147751200
2020-05-06,72.59892736503848,73.27064717863384,72.21474300795924,72.64000701904297,142333600
2020-05-07,73.26579854405584,73.73697195261609,72.9637661985266,73.39144134521484,115215200
2020-05-08,74.05044815626871,75.19158466112692,73.72336874196486,75.1382827758789,133838400
2020-05-11,74.6464845389423,76.8148865401455,74.43811985212862,76.32064056396484,145946400
2020-05-12,77.00385895047138,77.45450365262057,75.32728527754581,75.44842529296875,162301200
2020-05-13,75.62770513487014,76.54837362731435,73.46172121123148,74.53744506835938,200622400
2020-05-14,73.77669309293739,75.05593133463293,73.05469595359499,74.995361328125,158929200
2020-05-15,72.76878686428954,74.5979975896763,72.7348641211466,74.55196380615234,166348400
2020-05-18,75.87484151863012,76.6816307787651,75.18434194281018,76.30851745605469,135178400
2020-05-19,76.32545901161194,77.17101374486556,75.83605613168199,75.8675537109375,101729600
2020-05-20,76.72522965116472,77.41330397310716,76.68646396339064,77.34304809570312,111504800
2020-05-21,77.20493698671349,77.7452239875939,76.5289737926269,76.76641082763672,102688800
2020-05-22,76.5047461498377,77.34304019898961,76.4029926993938,77.26066589355469,81803200
2020-05-26,78.37758347481825,78.5568683167511,76.68162339962899,76.73735046386719,125522000
2020-05-27,76.59440129810365,77.21705526702166,75.85544287582236,77.07168579101562,112945200
2020-05-28,76.74702903556799,78.36303980666368,76.47083369438819,77.10560607910156,133560800
2020-05-29,77.34788852176631,77.80821903420895,76.67435043039059,77.03050231933594,153532400
2020-06-01,76.98447184749915,78.09896135300481,76.8536385740957,77.97782135009766,80791200
2020-06-02,77.7113246098117,78.36305852384227,77.27037315240064,78.33882904052734,87642800
2020-06-03,78.65861858793946,79.03173182452788,78.08683399477036,78.77006530761719,104491200
2020-06-04,78.59320375117642,78.89120338502829,77.71856920653472,78.09168243408203,87560400
2020-06-05,78.34123829521202,80.37638878570603,78.31216587865904,80.3158187866211,137250400
2020-06-08,80.01296326734492,80.82460267780965,79.30308470158906,80.79067993164062,95654400
2020-06-09,80.47089129660488,83.734396145206,80.43939371025141,83.34190368652344,147712400
2020-06-10,84.28921253488384,85.95367499163955,83.8506863159115,85.48607635498047,166651600
2020-06-11,84.63083484447448,85.05482488773967,81.28010535582771,81.3818588256836,201662400
2020-06-12,83.51875818704126,84.26497730063338,80.97481830000675,82.08445739746094,200146000
2020-06-15,80.73981952151668,83.7513585021509,80.57748864910177,83.09962463378906,138808800
2020-06-16,85.15169803401929,85.5732701197347,83.51873375033611,85.30191040039062,165428800
2020-06-17,86.04572066029029,86.10629064630962,85.06206467884026,85.1832046508789,114406400
2020-06-18,85.13961645194037,85.6338697266432,84.60902265567091,85.21714782714844,96820400
2020-06-19,85.92216897764727,86.38734236256319,83.62292711838043,84.73014831542969,264476000
2020-06-22,85.12265339969562,87.08996579558588,85.07661960868549,86.947021484375,135445200
2020-06-23,88.18991886652088,90.22022642343374,87.77077181014047,88.80288696289062,212155600
2020-06-24,88.43220783059057,89.35045118216385,86.86223062980297,87.23534393310547,192623200
2020-06-25,87.39038973838228,88.4321906709593,86.63205223537432,88.39342498779297,137522400
2020-06-26,88.28925300034977,88.50972868089589,85.52968033530838,85.67747497558594,205256800
2020-06-29,85.5854132789762,87.74655421504602,85.10812136493809,87.65206146240234,130646000
2020-06-30,87.24016629998945,88.66962400453063,87.22078715611465,88.38372802734375,140223200
2020-07-01,88.46127316123845,89.00397799978875,88.16811642903573,88.21656799316406,110737200
2020-07-02,89.12270022857078,89.75747265090347,88.10270349025298,88.21656799316406,114041600
2020-07-06,89.64359085564888,91.04396881704737,89.61209327585406,90.57637023925781,118655600
2020-07-07,90.95435112872555,91.73206799049615,90.18390237243692,90.29534912109375,112424400
2020-07-08,91.27172253001288,92.42982064230873,91.18449788463136,92.39832305908203,117092000
2020-07-09,93.28990778547893,93.34320967936996,91.74901058829923,92.79566192626953,125642800
2020-07-10,92.39105821700926,93.01614478395153,91.78051525297649,92.95799255371094,90257200
2020-07-13,94.26146013937891,96.86839541410872,92.31595195399946,92.52915954589844,191649200
2020-07-14,91.91132657887599,94.25175199437801,90.97855460222202,94.06035614013672,170989200
2020-07-15,95.93318873658312,96.18273684605151,93.51038868590005,94.7072525024414,153198000
2020-07-16,93.58065106367306,94.39713348994569,92.94345347342261,93.54188537597656,110577600
2020-07-17,93.99252033438566,94.14757567538506,92.88044872986721,93.35289764404297,92186800
2020-07-20,93.44013312925429,95.45832232514117,93.09609226760277,95.32022094726562,90318000
2020-07-21,96.110052433633,96.18515864106797,93.75509057115264,94.004638671875,103433200
2020-07-22,93.7066235863698,94.94952104533722,93.61940634409747,94.26871490478516,89001600
2020-07-23,94.00221048521436,94.0797418561393,89.16872914510222,89.97794342041016,197004400
2020-07-24,88.17780532258647,90.09908386887433,86.39219558540321,89.75504302978516,185438800
2020-07-27,90.81621759974705,91.97431549086922,90.59332418129368,91.88224792480469,121214000
2020-07-28,91.45344592380489,91.63031301270213,90.36802869554506,90.37287902832031,103625600
2020-07-29,90.85498286396583,92.28928344671583,90.81864234957972,92.10514831542969,90329200
2020-07-30,91.27897026336679,93.32381361272807,90.87194172588752,93.21963500976562,158130000
2020-07-31,99.70792594411513,103.12891879594893,97.71153346257094,102.97870635986328,374336800
2020-08-03,104.85878784183842,108.19013805785316,104.56078815454649,105.57351684570312,308151200
2020-08-04,105.76248400195036,107.36880152265259,105.04048696818748,106.2785415649414,173071600
2020-08-05,105.99992773294753,106.98358396526419,105.53474686841106,106.66377258300781,121776800
2020-08-06,106.99569046941184,110.87943850296628,106.40695185464003,110.38518524169922,202428800
2020-08-07,109.90703455219526,110.36334336865978,107.07938502036484,107.87549591064453,198045600
2020-08-10,109.31964772784534,110.46041967667294,106.79539443179243,109.44343566894531,212403600
2020-08-11,108.70802360073796,109.20559017872704,105.9289127146506,106.1886215209961,187902400
2020-08-12,107.27840393895296,109.97499163666492,107.08423344754698,109.71771240234375,165598000
2020-08-13,111.09633433148385,112.66186065911528,110.60847119171306,111.65943908691406,210082000
2020-08-14,111.48469489954057,111.64974056440289,109.75169319709691,111.5599365234375,165565200
2020-08-17,112.68129051352851,112.70556367842538,110.64247058340116,111.2686767578125,119561600
2020-08-18,111.02109807418744,112.62060097941455,110.68614768785797,112.19584655761719,105633600
2020-08-19,112.6035911901642,113.74921465979092,112.24194556716574,112.33660125732422,145538000
2020-08-20,112.37789651709356,114.94341528440668,112.36090456064325,114.82933807373047,126907200
2020-08-21,115.78806955381434,121.22978455348972,115.7759366742478,120.74678039550781,338054800
2020-08-24,124.94820069131609,125.03316047656546,120.32687724435412,122.1909408569336,345937600
2020-08-25,121.06473415847236,121.53317587987507,119.46765321039159,121.18851470947266,211495600
2020-08-26,122.50399657645586,123.29282600249516,121.43846650401554,122.83651733398438,163022400
2020-08-27,123.43849242247208,123.77101327398971,120.22491675397727,121.36811828613281,155552400
2020-08-28,122.34140581995463,122.75887903183632,120.9482136928383,121.17151641845703,187630000
2020-08-31,123.8632579117057,127.1836224608346,122.32928572568825,125.28071594238281,225702700
2020-09-01,128.8923509024096,130.87292869764627,126.72732074484928,130.27098083496094,151948100
2020-09-02,133.58161557752118,133.96025319602614,123.30013540143739,127.57194519042969,200119000
2020-09-03,123.21276461682936,125.08653127360425,116.9895020715435,117.35842895507812,257599600
2020-09-04,116.5720249717954,120.09627025828247,107.65946373638324,117.43609619140625,332607200
2020-09-08,110.63033399373361,115.52350643380636,109.39733569135389,109.53325653076172,231366600
2020-09-09,113.8439033465614,115.66913123084257,111.90216871799983,113.90215301513672,176940500
2020-09-10,116.85358420375128,116.98950502781075,109.22256693467808,110.18372344970703,182274400
2020-09-11,111.23227329257654,111.87304930648419,106.79540974753245,108.73714447021484,180860300
2020-09-14,111.377905426981,112.55265405113641,109.51384186173257,111.99925994873047,140150100
2020-09-15,114.88273194668369,115.36816560750079,110.30023700342959,112.17401123046875,184642000
2020-09-16,111.8730523722857,112.62061700186764,108.77598303445264,108.86335754394531,154679000
2020-09-17,106.52354774325607,108.93129419191115,105.54296982143195,107.12548065185547,178011000
2020-09-18,107.18372399196774,107.64973602880463,102.99928196218211,103.72743225097656,287104900
2020-09-21,101.49445700826324,106.97985811734019,100.09640588332402,106.87306213378906,195713800
2020-09-22,109.39733826871267,109.57209469594426,105.97988830045438,108.55268096923828,183055400
2020-09-23,108.36822438593991,108.84394734905581,103.65951146024476,103.99932098388672,150718700
2020-09-24,102.1060976756968,107.03810463761715,101.94105203582586,105.06724548339844,167743300
2020-09-25,105.27112741974788,109.16430684101944,104.53326629739041,109.00896453857422,149981400
2020-09-28,111.65945483814875,111.96042134324223,109.49441741099088,111.61090850830078,137672400
2020-09-29,111.21286376254167,111.9507176542682,110.26141045029476,110.7662582397461,99382200
2020-09-30,110.47498574403602,113.84389630124348,110.30994008853341,112.4361343383789,142675200
2020-10-01,114.21282419285578,114.29049535158379,112.45555681762868,113.38758850097656,116120400
2020-10-02,109.6011992914294,112.00895324338501,108.95072003519334,109.72740936279297,144712000
2020-10-05,110.59147581245446,113.25164961401181,110.24196306105239,113.10601806640625,106243800
2020-10-06,112.32933079739347,112.73710064616577,108.97984195840537,109.86333465576172,161498200
2020-10-07,111.28081129884058,112.18371817362878,110.80508099423795,111.72740936279297,96849000
2020-10-08,112.86332203954677,113.00895361392693,111.25167878876417,111.62061309814453,83477200
2020-10-09,111.92160188910647,113.59149513954675,111.57208900379892,113.56237030029297,100506900
2020-10-12,116.56233357489269,121.53317715466372,115.80505821466257,120.7759017944336,240226800
2020-10-13,121.62053610441286,121.73704283997935,116.16426694681041,117.572021484375,262330500
2020-10-14,117.47493379758126,119.44579307201987,116.13513969852242,117.6594009399414,150712000
2020-10-15,115.26136605608602,117.66911279151616,114.70797199610067,117.19338989257812,112559200
2020-10-16,117.74678205190853,118.00892036442943,115.34873869497103,115.55261993408203,115393800
2020-10-19,116.46525200898868,116.91185012257559,112.29052664782569,112.60120391845703,120639300
2020-10-20,112.81478288268985,115.51380033230909,112.26138879057609,114.08662414550781,124423700
2020-10-21,113.2710930798733,115.25166338254114,113.05750107559587,113.46527099609375,89946000
2020-10-22,114.02834752777623,114.601163016686,111.25166679554484,112.37787628173828,101988000
2020-10-23,112.99926056384386,113.15460290941205,110.95072967623058,111.68859100341797,82572600
2020-10-26,110.68856994284661,113.1545734839859,109.59148528217365,111.69827270507812,111850700
2020-10-27,112.12544659755038,113.86329970843428,111.20312575541465,113.20310974121094,92276800
2020-10-28,111.6982866474873,112.06721355762778,107.863356340069,107.96044158935547,143937800
2020-10-29,109.09636307884779,113.52351567412646,108.93131000553764,111.96041870117188,146129200
2020-10-30,107.82453453612558,108.7274415434045,104.58184087142044,105.68862915039062,190272600
2020-11-02,105.9313331743507,107.4555945603439,104.19347979423505,105.60123443603516,122866900
2020-11-03,106.46531227233,108.24199381190596,105.56240538196562,107.22258758544922,107624400
2020-11-04,110.81478854874675,112.22254311397377,109.07693526315951,111.60118865966797,138235500
2020-11-05,114.513786143965,116.13514003797306,113.46525517113334,115.56232452392578,126387100
2020-11-06,115.07119461202119,115.92702909027747,112.94132478624495,115.43103790283203,114457900
2020-11-09,117.19134868504119,118.64043465344767,112.86353836131654,113.1261215209961,154515300
2020-11-10,112.37727008295128,114.36124992222891,110.99625432436308,112.78573608398438,138023400
2020-11-11,113.97224059958567,116.3452388928094,113.24283383562194,116.2090835571289,112295000
2020-11-12,116.33551348572685,117.22052312713384,115.31434109496367,115.936767578125,103162300
2020-11-13,116.16045525051373,116.38413582545107,114.63356412889462,115.98539733886719,81581900
2020-11-16,115.65474339427976,117.66790591712994,114.90588899182858,116.99685668945312,91183000
2020-11-17,116.26742672482064,117.35666927518157,115.6936229499769,116.11181640625,74271000
2020-11-18,115.35324564020682,116.53002096182686,114.75999422898965,114.78916931152344,76322100
2020-11-19,114.36125853091154,115.7908970620543,113.60267663763,115.38243103027344,74113000
2020-11-20,115.38240319501891,115.50883100676269,114.06947274108221,114.11809539794922,73604300
2020-11-23,113.96250558761568,114.39042656864258,110.62668524347754,110.72393798828125,127959300
2020-11-24,110.78230006896696,112.66902713847026,109.49853707376413,112.00769805908203,113874200
2020-11-25,112.37727712657373,113.54432503693381,112.0077062663623,112.8440933227539,76499200
2020-11-27,113.36923955530375,114.26397656378495,113.02885128250198,113.38868713378906,46691300
2020-11-30,113.75827627180732,117.64844554887398,113.6026659391683,115.78116607666016,169410200
2020-12-01,117.68734871878834,120.07980194572332,116.71480639467286,119.35039520263672,127728200
2020-12-02,118.66960066999447,119.98253862781858,117.57063061172147,119.70050048828125,89004200
2020-12-03,120.1284151780445,120.38127824003541,118.85438720785504,119.56434631347656,78967600
2020-12-04,119.23367595532766,119.4865390127896,118.18332856578574,118.8932876586914,78260400
2020-12-07,118.95164096391939,121.14958854018184,118.89329080292673,120.35210418701172,86712000
2020-12-08,120.95509315138429,121.54834457068203,119.71023272701726,120.96481323242188,82225500
2020-12-09,121.1106943933289,122.49170271232049,117.67762117756554,118.43620300292969,115089200
2020-12-10,117.19136074438724,120.46883134674633,116.85097238388342,119.85612487792969,81312200
2020-12-11,119.06834436920384,119.38928508279156,117.23996766557605,119.04889678955078,86939800
2020-12-14,119.23368741163418,119.96309415447033,118.20279492279666,118.43620300292969,79184500
2020-12-15,120.92589030573652,124.3881454893434,120.72165733966631,124.36869049072266,157243700
2020-12-16,123.91162528457596,124.84525763713049,123.08495834508075,124.3006362915039,98208600
2020-12-17,125.36068131070151,126.02201771109635,124.52429444067675,125.16617584228516,94359800
2020-12-18,125.41904757982878,125.55520289308356,122.65702389685748,123.18219757080078,192541500
2020-12-21,121.5872313887212,124.78689634893868,120.06034032088816,124.70909118652344,121251600
2020-12-22,127.99627481697722,130.71939584455194,126.09008564573021,128.2588653564453,168904800
2020-12-23,128.53119113827395,128.79376686890285,127.18907804467862,127.36414337158203,88223700
2020-12-24,127.71428885467729,129.79552922137646,127.50032831643357,128.346435546875,54930100
2020-12-28,130.31092211880733,133.56892926985674,129.84409122328378,132.93678283691406,124486200
2020-12-29,134.2594552546887,134.979126993658,130.65131712079605,131.16676330566406,121047300
2020-12-30,131.85728434018318,132.2560302372561,129.73713444926724,130.04835510253906,96452100
2020-12-31,130.39844854670574,131.040329904096,128.10324856194674,129.04661560058594,99116600
2021-01-04,129.85386209713596,129.94138734935098,123.27947356294186,125.8567123413086,143301900
2021-01-05,125.35098050896518,128.1227320895685,124.9036045069711,127.41276550292969,97664900
2021-01-06,124.21309795786028,127.45166544679954,122.90988747820573,123.12384796142578,155088000
2021-01-07,124.83554255858496,128.01576034902203,124.34927136052875,127.32524871826172,109578200
2021-01-08,128.79378086858412,128.98830121735807,126.65419059044255,128.42422485351562,105158200
2021-01-11,125.64273221772613,126.595819441527,124.97167570919714,125.43849182128906,100384500
2021-01-12,124.97167735433455,126.12900498980764,123.3767086805256,125.26344299316406,91951100
2021-01-13,125.22451633035823,127.84065697204407,124.96194064618656,127.29603576660156,88636800
2021-01-14,127.2085188421458,127.40302430824103,125.22452450445344,125.37041473388672,90221800
2021-01-15,125.2439937099894,126.64445696844105,123.51286963768597,123.6490249633789,111598500
2021-01-19,124.27144590893572,125.17591790643084,123.4545139910682,124.32007598876953,90757300
2021-01-20,125.127277070296,128.85211530015263,125.02029683978466,128.4047393798828,104319500
2021-01-21,130.12619481912182,135.835014780142,129.9219543562017,133.1118927001953,120150900
2021-01-22,132.53807846792435,136.01006199526975,131.31268037347158,135.25148010253906,114459400
2021-01-25,139.14163304575837,141.10615779384105,132.79091821695442,138.99574279785156,157611700
2021-01-26,139.6571080834781,140.33788486135856,137.48832763704507,139.22918701171875,98390600
2021-01-27,139.49174105337266,140.33786298237393,136.5546738638665,138.15936279296875,140843800
2021-01-28,135.68909090953088,138.09127131319642,132.94651480242143,133.3258056640625,142621100
2021-01-29,132.10041903740844,132.98543606950525,126.63473619885515,128.33668518066406,177523800
2021-02-01,130.07752674070377,131.66277536673383,127.3349504556567,130.45681762695312,106239800
2021-02-02,132.00318020332065,132.5672565949287,130.91393742770222,131.28350830078125,83305400
2021-02-03,132.0323794534668,132.0421143770578,129.94141877691072,130.26235961914062,89880900
2021-02-04,132.55750155942113,133.62728904915303,130.89444790890877,133.61756896972656,84183100
2021-02-05,133.77829722031976,133.8464691818489,132.32703847356598,133.20362854003906,75693800
2021-02-08,132.49258030251252,133.39840366543814,131.41144491824002,133.34970092773438,71297200
2021-02-09,133.06728247906966,134.2945265238743,132.31731652057164,132.47314453125,76774200
2021-02-10,132.93091432442992,133.42766158836056,130.90500170826476,131.8692626953125,73046600
2021-02-11,132.3659937299951,132.84325691578465,130.291393245221,131.61602783203125,64280000
2021-02-12,130.85626699690658,132.00557425125427,130.21342656888774,131.8497314453125,60145100
2021-02-16,131.96667922879305,132.4731462786685,129.33687901923372,129.7264862060547,80576300
2021-02-17,127.83690273629607,128.78167951119218,126.10319202528883,127.43756103515625,97918500
2021-02-18,125.84022023340577,126.61941963432317,124.09677476387137,126.33696746826172,96856700
2021-02-19,126.85318631272438,127.31096541209789,125.45063033694109,126.4927978515625,87668800
2021-02-22,124.68116007602796,126.34669893995918,122.33383475744539,122.72343444824219,103916400
2021-02-23,120.54170021925478,123.41498433079913,115.31134105569778,122.58708953857422,158273000
2021-02-24,121.691012957123,122.29488547484925,119.0514857660057,122.09034729003906,111039900
2021-02-25,121.43775757680415,123.17146835413952,117.4054168564186,117.84371185302734,148199500
2021-02-26,119.40210545733144,121.60333738053185,118.04825229910983,118.10669708251953,164560400
2021-03-01,120.53195302229754,124.60325484384613,119.5969181572381,124.4668960571289,116307900
2021-03-02,125.07077944616279,125.3727157063762,121.75919289657611,121.8663330078125,102260900
2021-03-03,121.56437474382311,122.4409721711293,118.6716069492106,118.8858871459961,112966300
2021-03-04,118.58396379730593,120.38585416346811,115.53536025738819,117.00608825683594,178155000
2021-03-05,117.83400492169004,118.7690399167778,114.51267596521379,118.26255798339844,153766600
2021-03-08,117.78528102761602,117.85346041822143,113.18802088680535,113.33412170410156,154376600
2021-03-09,115.93468039958287,118.88588550494669,115.70092356585985,117.94110870361328,129525800
2021-03-10,118.52553226949556,118.99304601715157,116.34377667711071,116.86000061035156,111943300
2021-03-11,119.35340180320566,120.00597696289303,118.10668883216246,118.78848266601562,103026500
2021-03-12,117.26906067587845,118.01903394756955,116.06130832636462,117.88267517089844,88105100
2021-03-15,118.25280599447676,120.77545095974142,117.28854502762586,120.76570892333984,92403800
2021-03-16,122.43124321692929,123.91172068145192,121.47673169598399,122.30462646484375,115227900
2021-03-17,120.82414250531377,122.58707194968112,119.15860369194408,121.51567840576172,111932600
2021-03-18,119.68456358302885,119.97676520351848,117.1911374972353,117.39567565917969,121229700
2021-03-19,116.78206442899135,118.27227638684158,116.56778422545804,116.86972045898438,185549500
2021-03-22,117.20089594056832,120.64884136246526,117.13271654370864,120.18132019042969,111912300
2021-03-23,120.12286614601692,121.00919818208511,118.9638091293934,119.35340881347656,95467100
2021-03-24,119.62612052050626,119.7040419397164,116.94763304087101,116.96710968017578,88530500
2021-03-25,116.43143354135354,118.49630686413842,115.9054750318424,117.4541244506836,98844700
2021-03-26,117.22036189731419,118.32098161470867,115.82754797615723,118.05799865722656,94071200
2021-03-29,118.48657836496697,119.39239466300633,117.59050410460476,118.23333740234375,80819200
2021-03-30,116.98659687346046,117.26905645239088,115.76910253203405,116.78205871582031,85671900
2021-03-31,118.48655115112102,120.30791793555011,117.99955341308188,118.97354888916016,118323800
2021-04-01,120.44430093685868,120.9507753854183,119.30472042335516,119.80146026611328,75089100
2021-04-05,120.6488353850815,122.87928615898178,119.86963594729222,122.62604522705078,88651200
2021-04-06,123.21043811923847,123.82405264578033,122.38254338092113,122.927978515625,80171300
2021-04-07,122.55786509964642,124.59351228641088,121.88580577435263,124.57403564453125,83466700
2021-04-08,125.59672494440802,126.99928093380576,125.17791398584798,126.97006225585938,88844600
2021-04-09,126.42462946477704,129.58036563750287,126.1032091394081,129.54141235351562,106686700
2021-04-12,129.07389204693322,129.3953123558948,127.23304108614778,127.82717895507812,91420000
2021-04-13,128.99599269074992,131.15826433043802,128.49924537282473,130.93423461914062,91266500
2021-04-14,131.43094899145666,131.48938634080065,128.2362450900617,128.59661865234375,87222800
2021-04-15,130.3400554559003,131.4893627521274,130.16472857733012,131.0023651123047,89347100
2021-04-16,130.8076081751269,131.16798178060714,129.81412853121648,130.67124938964844,84922400
2021-04-19,130.03815636501255,131.9471944147541,129.8725788847892,131.3335723876953,94264200
2021-04-20,131.50887932231677,132.00561168739057,128.3823471626382,129.64854431152344,94812300
2021-04-21,128.91801209652044,130.27186490176769,127.8855795077404,130.0283660888672,68847100
2021-04-22,129.58034294411806,130.66147844484067,127.99274053029319,128.5089569091797,84566500
2021-04-23,128.72325347974677,131.60627194079382,128.72325347974677,130.82708740234375,78657500
2021-04-26,131.3237996328013,131.54781441014728,130.0868213316481,131.21665954589844,66905100
2021-04-27,131.49915149684074,131.88875868630524,130.62256132903624,130.89527893066406,66015800
2021-04-28,130.81735115204378,131.50889459107745,129.61934068424674,130.10633850097656,107760100
2021-04-29,132.92117853809344,133.50558183329358,129.00571212903608,130.00892639160156,151101000
2021-04-30,128.3531289693404,130.08683981317637,127.66160046998598,128.0414581298828,109839500
2021-05-03,128.6063555356659,130.58358001612103,128.40182480933737,129.09335327148438,75135100
2021-05-04,127.77848641989287,128.070688075214,123.40524078183631,124.52533721923828,137564700
2021-05-05,125.84022317213565,127.05771762012843,124.64221279666873,124.76883697509766,84000900
2021-05-06,124.56429785702491,126.37593028448455,123.8240591134078,126.36619567871094,78128300
2021-05-07,127.66379828936026,128.06380344320834,126.32714777247271,127.03938293457031,78973300
2021-05-10,126.25888455817044,126.38570894939902,123.72218831224927,123.76121520996094,88071200
2021-05-11,120.4927732833166,123.19532046962064,119.78054551827158,122.8440933227539,126142800
2021-05-12,120.39522003263365,121.60502403427476,119.27322096428664,119.78055572509766,112172300
2021-05-13,121.5464609574558,123.07823093502375,121.23425330099667,121.92696380615234,105861300
2021-05-14,123.17581112527975,124.77587651193251,122.78554964091157,124.34658813476562,81918000
2021-05-17,123.73191527246206,123.83923735283338,122.12209151050999,123.19530487060547,74244600
2021-05-18,123.4782434793631,123.89777321547987,121.74158792545293,121.80988311767578,63342900
2021-05-19,120.16105011854478,121.87818865261369,119.86835215925528,121.65379333496094,92612000
2021-05-20,122.18065274217139,124.61001915730156,122.05381347828964,124.20999908447266,76857100
2021-05-21,124.70757329750661,124.88319058200729,122.16112639405591,122.37577056884766,79295400
2021-05-24,122.94167191078611,124.82467691264395,122.87337670112784,124.005126953125,63092900
2021-05-25,124.7075784829674,125.19541091008112,123.24410353248182,123.80998229980469,72009500
2021-05-26,123.86853731776313,124.28806716363906,123.34168536408502,123.76121520996094,56575900
2021-05-27,123.36118872845968,124.5319657543007,122.03430412924318,122.22943115234375,94625600
2021-05-28,122.51237540484098,122.73677818956268,121.51721563777299,121.57575225830078,71311100
2021-06-01,122.03430717883234,122.2977294109628,120.92206674340329,121.2537841796875,67637100
2021-06-02,121.25376479927095,122.19038778236961,121.02936949732552,122.0147705078125,59278900
2021-06-03,121.6440550967321,121.8099138277147,120.1317944601695,120.53181457519531,76229200
2021-06-04,121.04890215666704,123.08801464449839,120.83425795335646,122.8245849609375,75169300
2021-06-07,123.09775754946514,123.24410653680496,121.7903901347652,122.83433532714844,71057600
2021-06-08,123.51729447658813,125.33201160333881,123.13679155370112,123.65388488769531,74403800
2021-06-09,124.1124318358548,124.63928371308171,123.43923097435068,124.03437805175781,56877900
2021-06-10,123.92703729774797,125.06855324831824,122.8733411455855,123.03919982910156,71186400
2021-06-11,123.44899833208643,124.33684344114933,123.02946851727127,124.24903106689453,53522400
2021-06-14,124.70757800792384,127.36133965538929,123.97584053546844,127.30280303955078,96906500
2021-06-15,126.77595907590421,127.4198916269695,126.23934861668313,126.48326110839844,62746300
2021-06-16,127.19549442536886,127.70283662845416,125.33201411236685,126.98085021972656,91815000
2021-06-17,126.6393832290609,129.3224209462561,126.49302678487064,128.58091735839844,96721700
2021-06-18,127.52719186886974,128.3076997988403,127.06863527203306,127.28327941894531,108953300
2021-06-21,127.1271913132279,129.18581330080102,126.063736441913,129.0784912109375,79663300
2021-06-22,128.9126165646152,130.81513075216756,128.4150256244004,130.71755981445312,74783600
2021-06-23,130.51273014944366,131.04934073165782,129.98587070972775,130.44442749023438,60214200
2021-06-24,131.17613794325877,131.36151382298493,129.69314579268672,130.16146850585938,68711000
2021-06-25,130.2102425761428,130.6297648884673,129.57606120699057,129.86875915527344,70783700
2021-06-28,130.1614721527149,131.9566646084623,130.1029355337376,131.49810791015625,62111300
2021-06-29,131.51761747124857,133.16646828417475,131.07857796707717,133.01036071777344,64556100
2021-06-30,132.8542738516881,134.0640853489463,132.56157584088896,133.6250457763672,63261400
2021-07-01,133.27377610064684,133.98599632611845,132.45421890843855,133.92745971679688,52485800
2021-07-02,134.54212006442484,136.5909908825578,134.39577852908815,136.55197143554688,78852600
2021-07-06,136.65926878574828,139.66425694043204,136.65926878574828,138.56178283691406,108181800
2021-07-07,140.04479519196917,141.3619286538461,139.1862333107396,141.0497283935547,104911600
2021-07-08,138.13253828734636,140.55214628534262,137.24469315334258,139.7521209716797,105575500
2021-07-09,139.27404907544525,142.10342835570765,139.17647811244083,141.5765838623047,99890800
2021-07-12,142.64979816390084,142.75712026323748,140.49360503622404,140.98143005371094,76299700
2021-07-13,140.5228614286861,143.86934850619764,140.1326074026889,142.09365844726562,100827100
2021-07-14,144.49375275658443,145.92795926693185,144.08396670742601,145.51817321777344,127050800
2021-07-15,145.6060054508676,146.34749406137325,143.50834910364574,144.864501953125,106820300
2021-07-16,144.8449961921481,146.1133292004128,142.32781756831105,142.8253936767578,93251400
2021-07-19,140.2496710710599,140.56188618036083,138.22031752231123,138.9813232421875,121434600
2021-07-20,139.96673149730913,143.51809629152285,139.4789065811411,142.59121704101562,96350000
2021-07-21,141.98635160042446,142.57174758950413,141.10827250404336,141.85951232910156,74993500
2021-07-22,142.3863736933565,144.59133749363102,142.25953442025497,143.22543334960938,77338200
2021-07-23,143.9571344380385,145.09864294509043,143.3424702853048,144.94253540039062,71447400
2021-07-26,144.6596219111436,146.18163344756866,144.10349429509156,145.36209106445312,72434100
2021-07-27,145.48890475095865,145.57672455410125,142.00584243486344,143.19613647460938,104818600
2021-07-28,141.28386358886817,143.39127100475073,139.06913408549428,141.44972229003906,118931200
2021-07-29,141.16679397009463,142.98150347673163,141.05947187985987,142.09365844726562,56699500
2021-07-30,140.86434605990442,142.76686050541852,140.60091640214495,142.3083038330078,70440600
2021-08-02,142.7961507964113,143.3717807887823,141.7131785780533,141.9766082763672,62880000
2021-08-03,142.25955921779124,144.4352550861749,141.64489480221886,143.77182006835938,64786600
2021-08-04,143.68398028393023,144.19130756729243,142.71808142038705,143.37176513671875,56368300
2021-08-05,143.40105691819448,144.2401166546182,142.61078266741262,143.47911071777344,46397700
2021-08-06,143.0002897194494,143.74288917370467,142.296768169296,142.7950897216797,54126800
2021-08-09,142.8537292225246,143.34228507821692,142.18930041536296,142.74624633789062,48908700
2021-08-10,143.0882262269222,144.3291621434574,141.97431959044943,142.2674560546875,69023100
2021-08-11,142.70716850336376,143.36183156118472,142.19906623850963,142.52151489257812,48493500
2021-08-12,142.84396383015653,145.6385039280885,142.50196876649986,145.48216247558594,72282600
2021-08-13,145.56031813141018,146.01956178212575,144.87634298445295,145.68734741210938,59375000
2021-08-16,145.1401675406519,147.72952253031957,143.1175540441941,147.66111755371094,103296000
2021-08-17,146.79151932278535,148.20832862251999,145.67761233221978,146.75244140625,92229700
2021-08-18,146.37133747643588,147.2702784625577,142.8048707810112,143.01007080078125,86326000
2021-08-19,141.71052547158095,144.61254875765684,141.19265740190144,143.34230041503906,86960300
2021-08-20,144.06535347049768,145.10108950161558,143.42045616108942,144.79818725585938,60549600
2021-08-23,144.91543614181833,146.75241093803115,144.50505101044897,146.2834014892578,60131800
2021-08-24,146.02934262692168,147.40707372149436,145.73620613091066,146.19544982910156,48606400
2021-08-25,146.3811034364789,146.87943995254733,144.41711425947602,144.96429443359375,58991300
2021-08-26,144.95452843061085,145.70689371393732,144.13374326132688,144.16305541992188,48597200
2021-08-27,144.1044769351318,145.34541337865105,143.46936008418646,145.1988525390625,55802400
2021-08-30,145.58964568755835,149.97688265994054,145.2085727146907,149.61534118652344,90956700
2021-08-31,149.16590885521063,149.30270392723426,147.8272553901817,148.3549041748047,86453100
2021-09-01,149.33201585532615,151.4328005101191,148.85322564922996,149.0193328857422,80313700
2021-09-02,150.34814443756616,151.17869519131676,148.911789313974,150.1331787109375,71115500
2021-09-03,150.24070759279422,151.0908050119508,149.58604446464392,150.7683563232422,57808700
2021-09-07,151.42301943650597,153.660598936694,150.85629279363835,153.10365295410156,82278300
2021-09-08,153.38697789342345,153.4456022050819,150.45564303417842,151.55978393554688,74420200
2021-09-09,151.93110647020356,152.53691096459315,150.4263460744376,150.54360961914062,57305700
2021-09-10,151.45228394273914,151.9212932925362,145.29647845219108,145.560302734375,140893200
2021-09-13,147.18234237769772,147.95425407222461,145.34536758274155,146.12705993652344,102404300
2021-09-14,146.90876744705565,147.61228914708835,143.54750041568678,144.72979736328125,109296300
2021-09-15,145.15971382126716,146.0195769004921,143.01983678244974,145.61895751953125,83281300
2021-09-16,145.0424954824605,145.5603636061977,143.85041774982722,145.3844757080078,68034100
2021-09-17,145.41380316434896,145.41380316434896,142.42382816362286,142.7169647216797,129868800
2021-09-20,140.50865153615536,141.5248410433877,138.03656037257468,139.6683349609375,123478900
2021-09-21,140.6356964105484,141.29037444715544,139.51202378684255,140.1471405029297,75834000
2021-09-22,141.14376881169068,143.0784456211062,140.41093510559722,142.51173400878906,76404300
2021-09-23,143.29342671393508,143.71359250338787,142.30654925147212,143.4693145751953,64838200
2021-09-24,142.326080458617,144.09465008430436,142.22836333396052,143.55723571777344,53477900
2021-09-27,142.14044174425882,142.61923184992318,140.52821338546616,142.042724609375,74150700
2021-09-28,139.97123697906306,141.4369043819852,138.44694526555043,138.6619110107422,108972300
2021-09-29,139.20907605697715,141.1437526447908,138.77914461312116,139.5608367919922,74602000
2021-09-30,140.37187163149707,141.075393254431,138.04634099404652,138.2613067626953,89056700
2021-10-01,138.65217582382982,139.64883415934378,135.92604012055145,139.385009765625,94639600
2021-10-04,138.51538125819243,138.95509355251514,135.1052701786628,135.95535278320312,98322000
2021-10-05,136.2973779025903,138.98443629008526,136.170348553217,137.8802947998047,80861100
2021-10-06,136.27780121386797,138.89645401323804,135.20297213380132,138.74989318847656,83221100
2021-10-07,139.7855986818326,140.9190518423827,139.45338427911526,140.0103302001953,61732700
2021-10-08,140.73341358342566,140.87997439192273,139.2970580219821,139.6292724609375,58773200
2021-10-11,139.0137022391212,141.49555969160025,138.56422424355534,139.5413360595703,64452200
2021-10-12,139.9517211619384,139.97126757292082,137.8118439004276,138.27108764648438,73035900
2021-10-13,138.00724781162134,138.16357433643927,136.01393179740973,137.68479919433594,78762700
2021-10-14,138.8573456179309,140.58683751822448,138.27107262847971,140.46957397460938,69907100
2021-10-15,140.47935479013262,141.58348088448486,140.22529620330172,141.5248565673828,67940300
2021-10-18,140.16667221392322,143.47908032380766,139.88331637742027,143.1957244873047,85589200
2021-10-19,143.64518755891186,145.75575243725564,143.1957245202807,145.35513305664062,76378900
2021-10-20,145.29650879090318,146.32247907181252,144.7297822080243,145.84368896484375,58418800
2021-10-21,145.40399172614036,146.21499623763387,144.4855043297612,146.05865478515625,61421000
2021-10-22,146.26380879399142,146.74258384097294,145.23783883547313,145.2866973876953,58883400
2021-10-25,145.27699295562158,145.95120256523685,144.24125670704237,145.2379150390625,50720600
2021-10-26,145.91210950073977,147.38754297777294,145.5994265625498,145.90234375,60893400
2021-10-27,145.94140632392705,146.30293288736218,145.09132390307514,145.44308471679688,56094900
2021-10-28,146.39085470391106,149.66416934171193,146.29313758834866,149.07791137695312,100077900
2021-10-29,143.85041786872506,146.50816348044404,143.058959600078,146.37136840820312,124953200
2021-11-01,145.57987978563986,146.2736207539483,144.4171144592604,145.55056762695312,74588300
2021-11-02,145.25741606122364,148.10081443519022,145.2476354029817,146.58628845214844,69122000
2021-11-03,146.94780015379607,148.4916381367387,146.39085434317073,148.0226287841797,54511500
2021-11-04,148.11061107430388,148.94114717338857,147.19212358039826,147.5048065185547,60394600
2021-11-05,148.6300964838691,148.93344079375584,146.83937063089465,148.03318786621094,65463900
2021-11-08,148.16041026715402,148.31697989696048,146.93723803048172,147.2112274169922,55020900
2021-11-09,146.9763488953236,148.17994599827716,146.83935422451017,147.57325744628906,56787900
2021-11-10,146.8002509889988,146.9078907486886,144.67682566721112,144.7453155517578,65187100
2021-11-11,145.76299817171153,146.22289720379737,144.51045604306032,144.69638061523438,41000000
2021-11-12,145.24437287945577,147.17209373098063,144.3147648635999,146.77090454101562,63804000
2021-11-15,147.1426937815547,148.62029511004687,146.22286605075,146.7806396484375,59222800
2021-11-16,146.72193826652372,148.23867461686362,146.1348097014568,147.75918579101562,59256200
2021-11-17,147.7592057993934,151.6733569463972,147.7494257967945,150.19577026367188,88807000
2021-11-18,150.4110893484419,155.26462968629394,149.76525065573642,154.48179626464844,137827700
2021-11-19,154.2664794451428,157.5641620110988,153.1705218782956,157.104248046875,117305600
2021-11-22,158.20997149701574,162.14369731452808,157.54457301404287,157.56414794921875,117467900
2021-11-23,157.6620164381372,158.32742995233392,155.64623082003743,157.94580078125,96041900
2021-11-24,157.29995411244806,158.66012108108276,156.2137765381209,158.46441650390625,69463600
2021-11-26,156.1452930856568,157.00639624695634,153.00417999336176,153.44451904296875,76959800
2021-11-29,155.9495652762871,157.73051124922804,155.38201155737082,156.8009033203125,88748200
2021-11-30,156.5562854284138,161.9675988704111,156.4877806077615,161.7523193359375,174048100
2021-12-01,163.88550209995378,166.6449857878265,160.99881865483053,161.23367309570312,152052500
2021-12-02,155.33309702351337,160.6759050938818,154.4132690949476,160.24534606933594,136739200
2021-12-03,160.4997976289517,161.41962568459428,156.29208148681235,158.3665771484375,118023100
2021-12-06,160.76397340255957,164.27693555746282,160.7541933995356,161.77188110351562,107497000
2021-12-07,165.4511829707639,167.89752761795768,164.72705957992557,167.506103515625,120405400
2021-12-08,168.43571937748263,172.18352101189242,167.03640253357247,171.32240295410156,116998900
2021-12-09,171.15601647393692,172.95652208783176,170.187258867456,170.8135223388672,108923700
2021-12-10,171.4496265464153,175.77476213435622,170.94078267392138,175.59861755371094,115402700
2021-12-13,177.232738467209,178.22107107247726,171.7627164613835,171.9682159423828,153237000
2021-12-14,171.48875398461132,173.92531854630914,168.51400556372403,170.5885009765625,139380400
2021-12-15,171.35176719309973,175.6475478496639,168.6118581679586,175.45184326171875,131063300
2021-12-16,175.43225135839342,177.2523322197485,167.08532532021002,168.5629119873047,150185800
2021-12-17,166.28294252078598,169.74697513874438,166.0481029746897,167.46697998046875,195432700
2021-12-20,164.66835958996737,166.91899978685493,163.86596626176092,166.1068115234375,107499100
2021-12-21,167.8779505711604,169.48275204230814,165.49031583648394,169.2772674560547,91185900
2021-12-22,169.32615733120278,172.08564081700152,168.4552593739479,171.870361328125,92135300
2021-12-23,172.07587897729215,173.05441678226669,171.50832525865067,172.49664306640625,68356600
2021-12-27,173.2892490658333,176.54778161213417,173.26968906108772,176.459716796875,74919600
2021-12-28,176.29340054719341,177.43828815623348,174.6983789116561,175.4420623779297,79144300
2021-12-29,175.48117571727812,176.7532777728696,174.316713410959,175.5301055908203,62348900
2021-12-30,175.6181743920382,176.69457190920295,174.26778749437727,174.37542724609375,59773000
2021-12-31,174.2677857929612,175.38331824017646,173.45559766181222,173.7589569091797,64062300
2022-01-03,174.01337226981713,178.95499096160628,173.895952516217,178.10365295410156,104487900
2022-01-04,178.7103390737201,179.01368336177322,175.2756623032222,175.8432159423828,99310400
2022-01-05,175.7551772531539,176.3031560396219,170.89184312629723,171.16583251953125,94537600
2022-01-06,168.99349099432447,171.53769548653034,167.95624321761545,168.3085174560547,96904000
2022-01-07,169.1793712904695,170.40254333546721,167.35929069026096,168.47482299804688,86709100
2022-01-10,165.4511773077938,168.79777487885306,164.56070430318124,168.4944305419922,106765600
2022-01-11,168.62164395189677,171.4202477771128,167.15383722500894,171.32240295410156,76138300
2022-01-12,172.34010543507006,173.3773533119361,171.06801799743715,171.7627716064453,74805200
2022-01-13,172.00737775161056,172.82934594142114,168.10300645305696,168.4944305419922,84505800
2022-01-14,167.6626336785782,170.05026788105346,167.41799927146064,169.3555145263672,80440800
2022-01-18,167.82899175117316,168.836884364845,165.7740715864879,166.15570068359375,90956700
2022-01-19,166.3514456378891,167.40826837840387,162.37858408989868,162.662353515625,94815000
2022-01-20,163.39625309442948,166.0383024176851,160.65634400941124,160.97926330566406,91420500
2022-01-21,160.89118731707072,162.76019814543096,158.81669190708894,158.92433166503906,122848900
2022-01-24,156.58563920962845,158.8167044309835,151.3798104055977,158.1512908935547,162294600
2022-01-25,155.56790544915762,159.26677642977702,153.64998009025078,156.35073852539062,115798400
2022-01-26,159.99090611922438,160.86180403234616,154.4328194222898,156.26268005371094,108275300
2022-01-27,158.96348400735147,160.32365113506773,154.88298262420264,155.8028106689453,121954600
2022-01-28,162.15350702087153,166.69392186078738,159.30595841103175,166.67434692382812,179935700
2022-01-31,166.5079843021577,171.2441033483954,165.87192581665457,171.02882385253906,115541600
2022-02-01,170.27534392743365,171.0875320298687,168.61183278338754,170.8624725341797,86213900
2022-02-02,170.99951350894017,172.10526621408275,169.60999135687587,172.0661163330078,84914300
2022-02-03,170.7352853699913,172.4575215973305,168.42593537257994,169.18919372558594,89418100
2022-02-04,168.20939100229583,170.5804825811808,167.22960653014735,168.90504455566406,82465400
2022-02-07,169.36554243968104,170.4335039135459,167.4941505320522,168.18980407714844,77251200
2022-02-08,168.2583626015754,171.8051921224292,167.9644243058782,171.2957000732422,74829200
2022-02-09,172.49106914991745,173.07893089654075,171.36430797248656,172.71641540527344,71285000
2022-02-10,170.6196718007765,171.93257943938036,168.08203354026793,168.6405029296875,90865900
2022-02-11,168.84625725787345,169.58109560057568,164.64297356543503,165.23085021972656,98670700
2022-02-14,163.98650420148718,166.15183422384362,163.19288125878157,165.4659881591797,86185500
2022-02-15,167.51378153621621,169.45375094241317,166.80833539753965,169.29698181152344,62527400
2022-02-16,168.37596721528965,169.83583650795123,166.612352178537,169.0618133544922,61177400
2022-02-17,167.57251856143097,168.43473358576446,165.06427298190405,165.4659881591797,69589300
2022-02-18,166.3870301609273,167.0924613280084,162.83040723152354,163.91796875,82772700
2022-02-22,161.6447999234569,163.32023755401255,158.87200872688464,160.99815368652344,91162800
2022-02-23,162.19354527351996,162.79121451131508,156.52059869701176,156.83413696289062,90009200
2022-02-24,149.4955488212337,159.5579417081335,148.92727191069304,159.45016479492188,141147500
2022-02-25,160.52789462372328,161.78201763247694,157.61793335879435,161.51748657226562,91974200
2022-02-28,159.76365924798694,162.07595128148682,159.14639022474867,161.78201293945312,95056600
2022-03-01,161.37054073052644,163.23214067260645,158.69573262543918,159.90086364746094,83474400
2022-03-02,161.06678613054137,163.97674752234462,159.65589394659725,163.1929168701172,79724800
2022-03-03,165.06432138955572,165.4954290281514,162.20335200198932,162.86959838867188,76678400
2022-03-04,161.16475211398938,162.2033212553789,158.82306783943153,159.87142944335938,83737200
2022-03-07,160.05758861933697,161.68403439715155,155.82491261205914,156.0796661376953,96418800
2022-03-08,155.60938587479396,159.58730866544224,152.65043241487155,154.2572784423828,131148300
2022-03-09,158.21559935544633,160.10659124427465,156.1874531828048,159.6558837890625,91454900
2022-03-10,156.9614757494235,157.14763719865718,152.82678391494153,155.31544494628906,105342000
2022-03-11,155.71714267170483,156.06007322521145,151.37670453340775,151.60205078125,96970100
2022-03-14,148.38835719355112,151.0043799732345,147.06565710961667,147.57513427734375,108732100
2022-03-15,147.8494883910694,152.4250955746164,147.34001116939965,151.9547882080078,92964300
2022-03-16,153.8751690879972,156.76553056777536,151.3375306500096,156.3638153076172,102300200
2022-03-17,155.40362432397723,157.7453087439647,154.44343967423552,157.37298583984375,75615400
2022-03-18,157.26517111893895,161.15491594906342,156.53033290091022,160.66502380371094,123511700
2022-03-21,160.2045664067095,162.9871658912754,159.71467413165345,162.03677368164062,95811400
2022-03-22,162.16411234772428,165.9950729796282,161.57625067180703,165.40721130371094,81532000
2022-03-23,164.59399656875675,169.14998832074127,164.26085849061369,166.7691192626953,98062700
2022-03-24,167.60197064721902,170.61970935790146,166.76916261119956,170.55113220214844,90131400
2022-03-25,170.36494232979024,171.73663471959298,169.25778100424003,171.18795776367188,80546200
2022-03-28,168.6894722365633,172.17750218202073,168.52291068864233,172.05014038085938,90371900
2022-03-29,173.11812439551318,175.39121664425457,172.7751938429614,175.3422393798828,100589400
2022-03-30,174.9405154603071,175.97908457885987,173.12790825883917,174.17628479003906,92633200
2022-03-31,174.2448849220912,174.43104638306448,170.87442359799343,171.08018493652344,103049300
2022-04-01,170.5119011506989,171.34472398421482,168.46415506398156,170.78623962402344,78751300
2022-04-04,171.04100211349504,174.88175589117134,170.91362533338986,174.832763671875,76468400
2022-04-05,173.9117334912033,174.695564012496,170.89399570193683,171.52105712890625,73401800
2022-04-06,168.87566890286308,170.11999949152553,166.69075350018778,168.35638427734375,89058800
2022-04-07,167.69994098041755,169.85546417791434,166.41642550623965,168.66012573242188,77594700
2022-04-08,168.30738857225097,168.30738857225097,165.77954264267717,166.65155029296875,76575500
2022-04-11,165.29942982629515,165.61295305467232,162.1543153788709,162.39926147460938,72246700
2022-04-12,164.6233833916544,166.435975608999,163.27127610008927,164.27066040039062,79265200
2022-04-13,164.00613046155772,167.58233798502656,163.39866884231074,166.9552764892578,70618900
2022-04-14,167.17083120352376,167.80770011623432,161.70363174912274,161.94857788085938,75329400
2022-04-18,160.60627109784113,163.23210129361956,160.2633554980497,161.7330322265625,69023900
2022-04-19,161.68406811950865,164.42746814637917,160.59650655333354,164.0159454345703,67723800
2022-04-20,165.3484035950485,165.4659878847408,162.74218855364813,163.84933471679688,67929800
2022-04-21,165.49537825406796,168.062408468632,162.55602520215882,163.0557098388672,87227800
2022-04-22,163.09492410815207,164.47640880332085,158.23518671810965,158.51931762695312,84882400
2022-04-25,157.8628502431654,159.8714111577949,155.25663522524357,159.5872802734375,96046400
2022-04-26,158.9700412464134,159.0582182667308,153.55183394880203,153.63021850585938,95623200
2022-04-27,152.7582001127346,156.55975368530983,152.2389155403168,153.4048614501953,88063200
2022-04-28,156.0306565149034,161.19412418503478,155.71711834920524,160.3319091796875,130216800
2022-04-29,158.56829627206238,162.84015665375182,154.07108967503086,154.46299743652344,131747600
2022-05-02,153.54203875876948,155.03130046543404,150.17157761678854,154.7667694091797,123055300
2022-05-03,154.95292717961667,157.46118829235783,153.15993453329665,156.25604248046875,88966500
2022-05-04,156.44221048032446,163.11454143572888,156.04049519291306,162.66384887695312,108256500
2022-05-05,160.53770657596968,160.76305283929582,151.8176149978829,153.600830078125,130525300
2022-05-06,153.0807608024048,156.44636712680793,151.2851189689877,154.32691955566406,116124600
2022-05-09,152.0210492953049,152.90416000742098,148.6456508199546,149.20494079589844,131577900
2022-05-10,152.5999477156594,153.79704209180267,150.05856639249635,151.60890197753906,115366700
2022-05-11,150.61789721596364,152.53128118939546,143.07228159830737,143.74932861328125,142689800
2022-05-12,140.08937970466798,143.45497143936288,136.19391853080884,139.88331604003906,182602000
2022-05-13,141.87518108716213,145.3192870677171,140.42297369266063,144.34786987304688,113990900
2022-05-16,142.8171643521235,144.7501769403197,141.4728772141811,142.80734252929688,86643800
2022-05-17,146.06504198237434,146.9579596403424,143.92596533868675,146.4379119873047,78336300
2022-05-18,144.09279133540988,144.5932103275883,137.27327061969143,138.17601013183594,109742900
2022-05-19,137.25361360845713,139.0001910759216,134.03520018713232,134.7711181640625,136095600
2022-05-20,136.47842763585558,138.0581987019196,130.12010100370028,135.006591796875,137426100
2022-05-23,135.20285452842407,140.57015125059797,135.0654837610607,140.4229736328125,117726300
2022-05-24,138.16617251433556,139.30439614103204,134.7515166065387,137.72462463378906,104132700
2022-05-25,135.83083742178036,139.12775081330722,135.7425308510417,137.88160705566406,92482700
2022-05-26,134.81034805775556,141.6298510183434,134.56504208814962,141.0803680419922,90601500
2022-05-27,142.6601806038178,146.8696256795322,142.5326166713653,146.83038330078125,90978500
2022-05-31,146.2710719434681,147.8312145429356,144.08293159739236,146.04537963867188,103718400
2022-06-01,147.08547543452738,148.89093902040028,144.90715690011942,145.91783142089844,74286600
2022-06-02,145.05435330119587,148.429766433254,144.1025647736461,148.3708953857422,72348100
2022-06-03,144.14179449565412,145.19171132509297,141.74762059734428,142.6503448486328,88570300
2022-06-06,144.2693764860653,145.78046996633253,142.17936438712687,143.39608764648438,71598400
2022-06-07,141.63969407079793,146.20237980048756,141.39438806442126,145.91783142089844,67808200
2022-06-08,145.79026939576806,147.05604181726716,144.6913032640919,145.18191528320312,53950200
2022-06-09,144.31844471982856,145.17210490927135,139.85387199936835,139.96180725097656,69473000
2022-06-10,137.6461172993445,138.11710068108783,134.48657445941151,134.55526733398438,91437900
2022-06-13,130.37524138815306,132.6614953380435,128.97209811172078,129.40383911132812,122207100
2022-06-14,130.63033595491132,131.37606069096353,129.0113076188741,130.26727294921875,84784300
2022-06-15,131.76856647591572,134.76130271815364,129.67856950370555,132.8871612548828,91533000
2022-06-16,129.60005747260172,129.90423449299203,126.61712836390117,127.61798095703125,108123900
2022-06-17,127.62784446904057,130.58132405033675,127.3727165836019,129.08985900878906,134520300
2022-06-21,130.91492771438774,134.48658311474856,130.8168142802015,133.3189239501953,81000500
2022-06-22,132.25918724085466,135.17342395812105,131.39572023105475,132.80868530273438,73409200
2022-06-23,134.2510716127321,135.98782727058793,133.08341268546732,135.67384338378906,72433800
2022-06-24,137.27323450557805,139.24550436943025,137.14568556404583,139.0001983642578,89116800
2022-06-27,140.02066475796738,140.79584011879487,138.32315139441545,139.0001983642578,70207900
2022-06-28,139.46139501178652,140.7271675936439,134.7417091855751,134.8594512939453,67083400
2022-06-29,134.8790886274478,138.0288100068747,134.1039131048046,136.6158447265625,66242400
2022-06-30,134.67298633539292,135.77195236171494,131.25833120197146,134.15293884277344,98964500
2022-07-01,133.48571986150768,136.4293921589786,133.11286488498627,136.3214569091797,71051600
2022-07-05,135.18326636531972,138.9511638153359,134.3590266331402,138.902099609375,73353800
2022-07-06,138.69599756732754,141.41397685924497,138.43106293485934,140.23651123046875,74064300
2022-07-07,140.5995991745189,143.79839942455877,140.58979232323185,143.60215759277344,66253700
2022-07-08,142.53256708066664,144.7795780188986,142.2774542768144,144.27914428710938,64547800
2022-07-11,142.93488446230452,143.886672848055,141.08037188051733,142.14990234375,63141600
2022-07-12,143.0232094985196,145.66270453987497,142.32654882035914,143.121337890625,77588800
2022-07-13,140.30522551606126,143.700252180436,139.4515504526769,142.75828552246094,71185600
2022-07-14,141.3747693527097,146.1533259024835,140.56035155748177,145.68234252929688,78140700
2022-07-15,146.96774129904725,148.02746510063992,145.4174054581408,147.3504180908203,76259900
2022-07-18,147.90974591488566,148.72416382298212,143.94559163866427,144.30865478515625,81420900
2022-07-19,145.14268358851726,148.3905333334654,144.1516525247905,148.16485595703125,82982400
2022-07-20,148.28260095629702,150.83378994510406,147.54668278325192,150.1665496826172,64823400
2022-07-21,151.59910487340264,152.64902171844827,149.0871738807754,152.4331512451172,65086600
2022-07-22,152.47240210045547,153.3456908921451,150.52958270466215,151.19680786132812,66675400
2022-07-25,151.11829629325123,152.1289557716175,149.4207830391442,150.0782012939453,53623900
2022-07-26,149.4011670445513,150.21558479499407,147.96858832963514,148.75357055664062,55138700
2022-07-27,149.71517016840275,154.37598449377768,149.3030578563077,153.8461151123047,78620700
2022-07-28,154.0325058653717,154.6801171580327,151.5107685187907,154.39556884765625,81378700
2022-07-29,158.21256599444197,160.5576907977121,156.5052308137223,159.45870971679688,101786900
2022-08-01,157.98689646537588,160.5184565925083,157.86915435741844,158.47750854492188,67829400
2022-08-02,157.09396729027588,159.36059231885778,156.63279081571793,157.00564575195312,59907000
2022-08-03,157.82007379818262,163.4621121282082,157.73176722636683,163.01075744628906,82507500
2022-08-04,162.89303446062004,164.05088687619767,161.34269832888046,162.69679260253906,55474100
2022-08-05,160.3680135481735,162.96204234831043,160.16166370349944,162.4707489013672,56697000
2022-08-08,163.47302629545368,164.88795425048374,161.34081388850365,161.9991455078125,60276900
2022-08-09,161.16392597706255,162.93258559805665,160.40732977942574,162.04824829101562,63135500
2022-08-10,164.7601512300086,166.3912489539949,163.99373470776638,166.29299926757812,70170500
2022-08-11,167.0987759253846,168.01258981282774,165.26134266915503,165.55612182617188,57149200
2022-08-12,166.86292858705644,169.17199900038648,166.45022886043446,169.1032257080078,68039400
2022-08-15,168.53330655626456,170.37073923171536,168.3662685851405,170.17422485351562,54091700
2022-08-16,169.77135158308857,170.68516513298147,168.67085912936273,170.01699829101562,56377100
2022-08-17,169.76157057327157,173.08270464114312,169.5650561598673,171.5105743408203,79542000
2022-08-18,170.7245248308653,171.85449410589086,170.10549010131544,171.1175537109375,62290100
2022-08-19,170.0170261568602,170.71466951867444,168.3269753298755,168.5333251953125,70346300
2022-08-22,166.73521001384654,166.9022480242965,164.22960987091767,164.65213012695312,69026800
2022-08-23,164.17059589009597,165.77221708941627,163.7480757914473,164.31797790527344,54147100
2022-08-24,164.40647334198977,165.1827105189657,163.35509799580043,164.61280822753906,53841500
2022-08-25,165.841056236527,167.17737534622174,165.41855096314578,167.0692901611328,51218200
2022-08-26,167.59988131493301,168.0715189036816,160.71193645776907,160.77088928222656,78961000
2022-08-29,158.34389469961232,160.06342201093398,157.03706713692557,158.5699005126953,73314000
2022-08-30,159.3068453614504,159.7293506019625,154.97363281420544,156.14291381835938,77906200
2022-08-31,157.51850501455607,157.78380767810359,154.4037063115704,154.48231506347656,87991100
2022-09-01,153.91243529158203,155.66143904544523,151.97673759886456,155.20945739746094,74229900
2022-09-02,156.9682888748041,157.56766760419046,152.2715237467297,153.09689331054688,76957800
2022-09-06,153.7453935980758,154.35459275815265,151.0138028574181,151.83917236328125,73714800
2022-09-07,152.1241293530868,153.9419063408882,150.93519246411637,153.24427795410156,87449600
2022-09-08,151.94725947173376,153.6373103822705,150.02138227376568,151.77040100097656,84923800
2022-09-09,152.76282069447305,155.07190642293236,152.05535676886382,154.62973022460938,68028800
2022-09-12,156.81106723949068,161.39974706706778,156.52612358553827,160.58419799804688,104956000
2022-09-13,157.1156691952697,157.7445243311509,150.69937671737435,151.16119384765625,122656600
2022-09-14,152.0946413613245,154.3644300184662,150.9351958505273,152.6055908203125,87965400
2022-09-15,151.95709434204855,152.53683214610933,148.7440452074938,149.716796875,90481100
2022-09-16,148.57701100499813,148.7145726076231,145.78645207689314,148.0758819580078,162278800
2022-09-19,146.71006595451675,151.8686478234834,146.50373107588743,151.7900390625,81474200
2022-09-20,150.72886783406594,155.32738364566532,150.41444773199837,154.1679229736328,107689800
2022-09-21,154.600234046477,155.9758648340084,150.92536828428254,151.04327392578125,101696800
2022-09-22,149.7266056194288,151.78020876552435,148.28220159016286,150.08033752441406,86652500
2022-09-23,148.55733788432917,148.8324610577634,145.97312915554878,147.81056213378906,96029900
2022-09-26,147.0539962445305,151.0924300246352,147.03434030349507,148.14466857910156,93339400
2022-09-27,150.08037791467922,152.0258964191408,147.33895116498724,149.117431640625,84442700
2022-09-28,145.0691164536439,148.01687689227907,142.31787037896737,147.23080444335938,146691400
2022-09-29,143.55598373619551,144.16518295071455,138.23034837016746,139.99900817871094,128138200
2022-09-30,138.8199033723931,140.60821907927374,135.59701890511008,135.7935333251953,124925300
2022-10-03,135.80335372086685,140.57872706512543,135.2924042908768,139.96951293945312,114311700
2022-10-04,142.504593932989,143.67387488258018,141.7479977315321,143.55596923828125,87830100
2022-10-05,141.56132388640066,144.81368463210958,140.51976901629106,143.85073852539062,79471000
2022-10-06,143.2710319630231,144.9709035584296,142.69130913468942,142.89764404296875,68402200
2022-10-07,140.05795483791823,140.60821619318722,137.02176437961742,137.65061950683594,85925600
2022-10-10,137.9748992919922,139.41930374314163,136.15712188264376,137.9748992919922,74899000
2022-10-11,137.46394548029593,138.8887089375452,135.8132061545904,136.55996704101562,77033700
2022-10-12,136.70734348798558,137.91592138284778,135.75423283314072,135.93109130859375,70433700
2022-10-13,132.6394403890868,141.08968060374895,132.03022618093473,140.50013732910156,113224000
2022-10-14,141.79713183786654,142.00348171103434,135.78370401470698,135.97039794921875,88598000
2022-10-17,138.61355854500806,140.41167960335844,137.82748592791265,139.9302215576172,85250900
2022-10-18,142.95657861316172,144.14550040873658,138.1615495711484,141.2468719482422,99136600
2022-10-19,139.22276826600364,142.42599680685538,139.03607431855443,141.35498046875,61758300
2022-10-20,140.52960554450746,143.34962560942563,140.16603813694184,140.89315795898438,64522000
2022-10-21,140.3821901686459,145.27548388473534,140.16601984417193,144.70558166503906,86548600
2022-10-24,144.6269694579804,147.61402706279983,143.45768863799606,146.8476104736328,75981900
2022-10-25,147.476495894735,149.83471395703802,146.75921150175503,149.68731689453125,74732300
2022-10-26,148.33134005875115,149.34340346890698,145.4621728259598,146.74937438964844,88194300
2022-10-27,145.49165853167307,146.45458955551916,141.62026350591435,142.27859497070312,109180200
2022-10-28,145.619406740808,154.75746986477446,145.24603383421282,153.0281219482422,164762400
2022-10-31,150.49303288896766,151.55422867895751,149.27461957607085,150.66989135742188,97943200
2022-11-01,152.37957042057582,152.74312275710574,146.53318166463166,148.02670288085938,80379300
2022-11-02,146.35633217647393,149.5202635488904,142.47511648464766,142.5045928955078,93604600
2022-11-03,139.58630459413143,140.3134243600425,136.33394407491397,136.46168518066406,97918500
2022-11-04,139.84739003185524,140.41823769444377,132.25908536615194,136.19595336914062,140814800
2022-11-07,134.94600177423487,136.95379796987663,133.52872680415337,136.72743225097656,83374600
2022-11-08,138.19391993058036,139.19781051108808,135.32000793975288,137.29827880859375,89908500
2022-11-09,136.31406095143706,136.36327480735815,132.46576869499577,132.74134826660156,74917800
2022-11-10,139.01083896213112,144.55197143554688,137.29829567413785,144.55197143554688,118854000
2022-11-11,143.5185285677149,147.64238513720315,142.0914019190675,147.3372802734375,93979700
2022-11-14,146.61880940644215,147.90813128864986,145.10310679865555,145.939697265625,73374100
2022-11-15,149.81752177217496,151.16589433590542,146.2152837355369,147.6719207763672,89868300
2022-11-16,146.77628031248196,147.50459125268796,144.96530968920132,146.44163513183594,64218300
2022-11-17,144.11888720950952,149.0891860323431,143.8433076526517,148.3411865234375,80389400
2022-11-18,149.90611212166033,150.28995621048665,147.6030475887024,148.90220642089844,74829600
2022-11-21,147.790025718782,147.99670287508093,145.3885338782466,145.6739501953125,58724100
2022-11-22,145.79205967642807,148.04590985414606,144.6109873377189,147.8096923828125,51804100
2022-11-23,147.09121210280074,149.43365312101446,146.98294764352303,148.68565368652344,58301400
2022-11-25,145.96922504559745,146.5302359602774,144.79800437919693,145.7723846435547,35195900
2022-11-28,142.8492645206864,144.32559012136235,141.11704788902577,141.94378662109375,69246000
2022-11-29,142.01267756953146,142.52447466230237,138.13487484288268,138.94192504882812,83763800
2022-11-30,139.16827084330671,146.3727461321645,138.33169544585772,145.69363403320312,111380900
2022-12-01,145.87081033178356,146.7762881829984,144.29605710134743,145.96922302246094,71250400
2022-12-02,143.65631938407483,145.66411544857186,143.35119950014382,145.47711181640625,65447400
2022-12-05,145.437787707556,148.53806604789014,143.46935320119442,144.31578063964844,68826400
2022-12-06,144.74881132681773,144.97517704731527,139.68008441838234,140.6544647216797,64727200
2022-12-07,139.9458168978351,141.10718574311466,137.7903792762826,138.71554565429688,69721100
2022-12-08,140.11314322681335,141.25483863673134,138.87303512029186,140.3985595703125,62128300
2022-12-09,140.09345741010685,143.2724894333561,138.6761823933455,139.9163055419922,76097000
2022-12-12,140.44774653895632,142.21933993621704,138.83363144766497,142.20950317382812,70462700
2022-12-13,147.1404505596148,147.60303377953338,141.9634742273276,143.17405700683594,93886200
2022-12-14,143.05597702965818,144.34529916781915,138.93210452988586,140.9497528076172,82291200
2022-12-15,138.88286801559113,139.5619801804679,133.88304361781863,134.3456268310547,98931900
2022-12-16,134.5326248058533,135.47746472052233,131.61933586337778,132.38702392578125,160156900
2022-12-19,132.97755207276447,133.0661279935264,129.24737645818792,130.28079223632812,79592600
2022-12-20,129.31627297471567,131.14691722297425,127.83994745250583,130.2119140625,77432800
2022-12-21,130.88117753836192,134.6507305969255,130.65481182459862,133.31219482421875,85928000
2022-12-22,132.2295865606811,132.43626376220547,128.24350390512237,130.14303588867188,77852100
2022-12-23,128.8536879861786,130.33001348787815,127.59389142616514,129.7788543701172,63814900
2022-12-27,129.3064364059333,129.33596171498522,126.68841553829142,127.97773742675781,69007800
2022-12-28,127.62342547026658,128.9619612841453,123.883405115354,124.05072021484375,85438400
2022-12-29,125.9699499861123,128.42064856881274,125.7140589354878,127.56438446044922,75703700
2022-12-30,126.38331154566909,127.89899915340173,125.41877555904108,127.87931060791016,77034200
2023-01-03,128.22379338136977,128.8340031338152,122.21022673136561,123.09602355957031,112117500
2023-01-04,124.8873030948284,126.62937150933897,123.10587260552037,124.36566925048828,89113600
2023-01-05,125.12350481122068,125.75340309203497,122.79091532129203,123.04680633544922,80962700
2023-01-06,124.02118700839063,128.23362708296847,122.91886125861728,127.57420349121094,87754700
2023-01-09,128.41079711233908,131.30439758356596,127.83994943275363,128.09584045410156,70790800
2023-01-10,128.20408860626057,129.1883055110105,126.09786503081405,128.6666717529297,63896200
2023-01-11,129.17851145026387,131.40283698381694,128.40098644639082,131.38316345214844,69458900
2023-01-12,131.76699610111268,132.14098840377943,129.36550386584642,131.30441284179688,71379600
2023-01-13,129.9461937075215,132.79058077087095,129.582038154894,132.6331024169922,57809700
2023-01-17,132.7019674841355,135.12313266732727,132.01301865225,133.79444885253906,63646600
2023-01-18,134.6605787592018,136.42232060237055,132.8988218980733,133.07598876953125,69672800
2023-01-19,131.9638347529944,134.0995841255356,131.6587298451973,133.1350555419922,58280400
2023-01-20,133.14489665420894,135.84165708820683,132.1016288639502,135.6940155029297,80223600
2023-01-23,135.94007397852303,141.05801539977267,135.72354499448727,138.8828887939453,81760300
2023-01-24,138.0954784443646,140.90050277108796,138.08564168128757,140.2804412841797,66435100
2023-01-25,138.6663409653264,140.18202862963406,136.61916767862735,139.62103271484375,65799300
2023-01-26,140.91035682918778,141.9733130723702,139.66039693887691,141.68789672851562,54105100
2023-01-27,140.90051489349364,144.9062704324847,140.82177572822627,143.6267852783203,70555800
2023-01-30,142.6721140707524,143.2527985417942,140.59541543784155,140.7430419921875,64015300
2023-01-31,140.4477784546675,142.06189391275458,140.0344090710312,142.01268005371094,65874500
2023-02-01,141.69771052689384,144.29604258311244,139.0895417079852,143.13465881347656,77663600
2023-02-02,146.5498959772077,148.7939093931277,145.831421817907,148.43960571289062,118339000
2023-02-03,145.69363837431163,154.8960731461596,145.4967979818679,152.0615234375,154357300
2023-02-06,150.1620046015634,150.6836384438328,148.40024764766747,149.3352508544922,69858300
2023-02-07,148.26243261630023,152.77998456473935,148.26243261630023,152.20913696289062,83322600
2023-02-08,151.45130381865607,152.14025265616812,148.78406936876726,149.52223205566406,64120100
2023-02-09,151.3529059605557,151.89422837459855,148.0459358705389,148.48883056640625,56007100
2023-02-10,147.32569243849323,149.1788354914484,147.08911426452642,148.85354614257812,57450700
2023-02-13,148.79437344145694,152.05710297296255,148.7648030561656,151.65296936035156,62199000
2023-02-14,149.94767374239032,151.57412024796835,148.70567235340334,151.0122528076172,61707600
2023-02-15,150.92353288699502,153.27940219693946,150.6968215839401,153.11183166503906,65573800
2023-02-16,151.3178281549916,154.09756497312395,151.16012443154224,151.51498413085938,68167900
2023-02-17,150.17442580979125,150.8151376986906,148.69584602843153,150.37156677246094,59144100
2023-02-21,148.05508866222715,149.1393862953431,146.29065710385296,146.35964965820312,58867200
2023-02-22,146.74411685820635,147.80869615626176,145.0585442502877,146.78355407714844,51011300
2023-02-23,147.946689634791,148.19311959888688,145.13739706863274,147.26654052734375,48394200
2023-02-24,145.00925692421464,145.08811632211885,143.63910684752537,144.61497497558594,55469600
2023-02-27,145.60065500306268,147.03979725813033,145.34435826985944,145.80764770507812,44998500
2023-02-28,144.9501024216552,146.95111245136155,144.73324285815977,145.30496215820312,50547000
2023-03-01,144.73323786008925,145.1275197577975,142.93922063146897,143.2349395751953,55479000
2023-03-02,142.31823534576338,144.6149643784106,141.8450789930105,143.82638549804688,52238100
2023-03-03,145.9259229618336,148.952089353373,145.2260704687506,148.87322998046875,70732300
2023-03-06,151.59384830577196,154.0680147422593,151.26857399298945,151.63328552246094,87558000
2023-03-07,151.50512207262017,151.83041139396585,148.9718301446463,149.43511962890625,56182000
2023-03-08,150.62785567244086,151.2784344169459,149.6618543808646,150.68699645996094,47204800
2023-03-09,151.3671337581158,152.33313497413033,148.08468493947933,148.43954467773438,53833600
2023-03-10,148.0649820559655,148.78455331931613,145.50210448552664,146.37939453125,68572400
2023-03-13,145.69924028415588,150.9531285889032,145.59081050522525,148.32125854492188,84457100
2023-03-14,149.11967456920323,151.2093955139033,147.95653254628945,150.4109649658203,73695900
2023-03-15,149.03096880678774,151.06154904978908,147.7791005346977,150.80526733398438,77167900
2023-03-16,149.98712698991974,154.22572509887632,149.47454848721353,153.6244354248047,76161100
2023-03-17,153.8511391851991,154.50171782493953,152.07684064085686,152.78656005859375,98944600
2023-03-20,152.85556893212473,155.5662982460434,151.94869352566715,155.15228271484375,73641400
2023-03-21,155.07344501678244,157.1237289497417,154.3045697408097,157.0054473876953,73938300
2023-03-22,157.02515051318744,159.82459083880553,155.55642275206148,155.57614135742188,75701800
2023-03-23,156.56188320802048,159.24304236266408,155.428296373163,156.6604461669922,67622100
2023-03-24,156.5914134921843,158.0502742629719,155.59584212848588,157.96156311035156,59196500
2023-03-27,157.65604352005258,158.47419284355544,155.6155961034445,156.01974487304688,52390300
2023-03-28,155.714149696992,156.22672817707905,153.7525619849842,155.39871215820312,45992200
2023-03-29,157.09415020907082,158.75016719414856,157.074446643704,158.4741668701172,51305700
2023-03-30,159.22330893800608,160.1498879032855,158.96702721945866,160.0414581298828,49501700
2023-03-31,160.1203040734608,162.64374399803975,159.59787385661696,162.545166015625,68749800
2023-04-03,161.92419649331373,163.91533966892132,161.87490749491164,163.79705810546875,56976200
2023-04-04,164.22091988909426,164.45748300799937,162.75219201536794,163.2647705078125,46278300
2023-04-05,162.38749456021097,162.69306530915642,159.48947577581393,161.42147827148438,51511700
2023-04-06,160.11047335808198,162.60435849941234,159.6866210280676,162.3086395263672,45390100
2023-04-10,159.11486640899105,159.71615600585938,157.79400566862077,159.71615600585938,47716900
2023-04-11,160.03160702009572,160.04145880285023,158.21787125365222,158.5037384033203,47644200
2023-04-12,158.9177372546322,159.7457382241708,157.49829842634344,157.81373596191406,50133100
2023-04-13,159.32188371142138,163.4323331532267,159.11487595150933,163.1957550048828,68445600
2023-04-14,162.23961256067847,163.94491858408577,161.48061917083933,162.85076904296875,49386500
2023-04-17,162.73248322378927,163.02820218114718,161.6876226098968,162.8704833984375,41516200
2023-04-18,163.72806193096773,165.01935243982652,163.2844759960185,164.0927734375,49923000
2023-04-19,163.43235220441335,165.75865162452376,163.1760554202755,165.23622131347656,47720200
2023-04-20,163.71817152684758,165.47275128415967,163.19574132050678,164.27017211914062,52456400
2023-04-21,162.69305305620966,164.07305473489896,162.14105238473394,162.66348266601562,58337300
2023-04-24,162.643765839196,163.23520373133107,161.54961626736943,162.96905517578125,41949600
2023-04-25,162.8310711478655,163.93507261234095,161.3919134894812,161.4313507080078,48714100
2023-04-26,160.73147738017352,162.91977666468185,160.47519563222698,161.42147827148438,45498800
2023-04-27,162.8310621018307,166.15293313578908,162.8310621018307,166.0050811767578,64902300
2023-04-28,166.08391841749662,167.42449781718415,165.48262879614657,167.2569122314453,55275900
2023-05-01,166.8626573980738,168.01594783420873,166.23179728666088,167.16822814941406,52472900
2023-05-02,167.6610625345139,167.91735928630777,165.14747425578494,166.13319396972656,48425700
2023-05-03,167.07947455454496,168.47919460136384,164.7728942678528,165.05874633789062,65136000
2023-05-04,162.535328337613,164.65461977543495,161.96360907995128,163.42247009277344,81235400
2023-05-05,168.5383442631647,171.81094077356033,168.32148473339686,171.09136962890625,113453200
2023-05-08,170.01693107088172,171.3673772990156,169.65221959190652,171.02236938476562,55962800
2023-05-09,170.57879765359286,171.06179068201072,169.14950709207488,169.31707763671875,45326900
2023-05-10,170.54924563088602,171.54481722364216,169.4452292165715,171.08152770996094,53724500
2023-05-11,171.3673768150292,172.09679977091955,169.71135988855104,171.268798828125,49514700
2023-05-12,171.3773676163626,171.8116866019269,168.79121464447562,170.3409423828125,45533100
2023-05-15,170.92334452950067,170.97270170588305,169.25517137496644,169.84742736816406,37266700
2023-05-16,169.76845889829133,170.9035986466086,169.58091066505557,169.84742736816406,42110300
2023-05-17,169.492059065459,170.69628668546216,168.21871333171157,170.4593963623047,57951600
2023-05-18,170.76538642479474,172.97645812210007,170.35081330561755,172.78890991210938,65496700
2023-05-19,174.11159953538055,174.11159953538055,172.68033195301507,172.89749145507812,55809500
2023-05-22,171.73273062815065,172.45331220735133,171.2095777379714,171.94989013671875,43570900
2023-05-23,170.89370662105455,171.1404774028389,169.0675968111729,169.34397888183594,50747300
2023-05-24,168.88006417332414,170.19288666082696,168.317434571077,169.62037658691406,45143500
2023-05-25,170.18302884098296,171.65377326209193,169.47232768730396,170.7555389404297,56058300
2023-05-26,171.08127033696854,173.49962120538788,170.87397623432938,173.16400146484375,54835000
2023-05-30,174.67423726963298,176.67801481811213,174.28927545149398,175.0098419189453,55964400
2023-05-31,175.03946345752533,177.03337571367211,174.4768188110026,174.9604949951172,99625300
2023-06-01,175.40466591116137,177.79340523372372,174.64460769798924,177.7637939453125,68901800
2023-06-02,178.69165461361322,179.4319669478336,176.94451328757913,178.61268615722656,61996900
2023-06-05,180.27102884609,182.5610542820425,175.7403050283916,177.2604217529297,121946500
2023-06-06,177.64533454275295,177.79339097293357,175.13813520595488,176.89515686035156,64848400
2023-06-07,176.135134367242,178.86935913776645,175.02960596689772,175.5231475830078,61944600
2023-06-08,175.60209965770608,178.50412674833163,175.1677956906412,178.2376251220703,50214900
2023-06-09,179.15559212759166,179.8761586114367,178.29683460490384,178.62257385253906,48900000
2023-06-12,178.92856174317663,181.51471470308874,178.6324337942364,181.41600036621094,54274900
2023-06-13,180.4387927508673,181.77134589189876,180.08344223425368,180.94219970703125,54929100
2023-06-14,181.00143405215442,182.00826309164242,179.668880824476,181.57394409179688,57462900
2023-06-15,181.58382192499832,184.11075236554325,181.40613912687283,183.60733032226562,65433200
2023-06-16,184.31805138125782,184.57470266619666,181.88983501651188,182.53143310546875,101256200
2023-06-20,182.02801364300083,183.69618663444365,182.02801364300083,182.62025451660156,49799100
2023-06-21,182.51169267844918,183.01511479137184,180.23153270863293,181.58384704589844,49515700
2023-06-22,181.3666633051449,184.63390612000734,181.29756025506936,184.5845489501953,51245300
2023-06-23,183.15328303090953,185.13731475683954,182.6202496908907,184.2686767578125,53117000
2023-06-26,184.4167547195407,185.6209974197008,182.83741558637178,182.8769073486328,48088700
2023-06-27,183.48889069387212,185.9565986299679,183.27173119056016,185.630859375,50730800
2023-06-28,185.50255431027165,187.4471095844542,185.17683008088284,186.80551147460938,51216800
2023-06-29,186.6376758009822,187.61489349976054,186.49948476837957,187.14108276367188,46347300
2023-06-30,189.15473724224137,191.96791501002735,188.78950625721086,191.46450805664062,85213200
2023-07-03,191.27695610256632,191.37567043424474,189.2830440838622,189.97401428222656,31458200
2023-07-05,189.09551742767218,190.4872931571664,188.15777642969255,188.85861206054688,46920300
2023-07-06,187.3878728511301,189.53972207962792,186.756140199604,189.33242797851562,45094300
2023-07-07,188.93757673504143,190.18129599874976,187.78269133409245,188.2169952392578,46815000
2023-07-10,186.8153651594175,187.5359467558433,184.62403920180722,186.17376708984375,59922200
2023-07-11,186.71667122446578,186.85486227702734,184.18974051380027,185.65061950683594,46638100
2023-07-12,187.22992243297554,189.22383458950753,186.0355602702456,187.3187713623047,60750200
2023-07-13,188.03936545890204,188.72045533421505,187.32866429002723,188.07884216308594,41342300
2023-07-14,187.77284851528793,188.71057462083735,187.18060758311253,188.22691345214844,41616200
2023-07-17,189.421252931179,191.81000743962883,189.33241906132668,191.48426818847656,50520200
2023-07-18,190.85253399958415,191.81987127398517,189.93453883356673,191.2276153564453,48288200
2023-07-19,190.6057743707706,195.66950100927124,190.16157487576123,192.57994079589844,80507300
2023-07-20,192.57008136763105,193.93226116956544,190.01353918252775,190.63540649414062,59581200
2023-07-21,191.5928731808388,192.4516308259383,188.75993388819955,189.4607696533203,71951700
2023-07-24,190.9117629424984,192.3923877240068,189.76674282999198,190.26028442382812,45377800
2023-07-25,190.83278632842445,191.92844922240585,190.4280786239598,191.11903381347656,37283200
2023-07-26,191.16839008411552,193.112945076557,190.82292002182845,191.9876708984375,47471900
2023-07-27,193.48804855415668,194.65279947329122,190.06286872536143,190.72421264648438,47460200
2023-07-28,192.15547128634879,194.0901608500724,191.63231843190331,193.3004913330078,48291400
2023-07-31,193.52752900074864,193.95198260711592,192.7378594315981,193.91249084472656,38824100
2023-08-01,193.7052107356477,194.1888718595327,192.75760424557473,193.08334350585938,35175100
2023-08-02,192.52068429221174,192.65887532596588,189.37190180440743,190.09246826171875,50389300
2023-08-03,189.09554118067888,189.885195713569,188.22690312046603,188.70069885253906,61235200
2023-08-04,183.12370037395337,184.95967593788856,179.57019442385428,179.63929748535156,115956800
2023-08-07,179.7774258532708,180.7645088216644,175.05917046928457,176.539794921875,97576100
2023-08-08,177.36894407283924,177.94145401182723,175.28619837098452,177.47752380371094,67823000
2023-08-09,178.53375806746422,178.59298065772126,174.7236157900662,175.8883819580078,60378500
2023-08-10,177.1616477033174,178.4152472957811,175.30594195679654,175.67115783691406,54686900
2023-08-11,175.2659575562626,176.5508864753638,174.5048729038775,175.73049926757812,52036700
2023-08-14,175.90841909398483,177.60849603671858,175.2560608313475,177.38116455078125,43675600
2023-08-15,176.8078826094104,177.40092323969566,174.99907927707545,175.39443969726562,43622600
2023-08-16,175.0781688700227,176.47182426987777,174.4554618287455,174.524658203125,46964900
2023-08-17,175.08803154260252,175.4537406821077,171.47042491030345,171.98440551757812,66062900
2023-08-18,170.30410101859755,173.07166917955516,169.96804315644715,172.46873474121094,61172200
2023-08-21,173.04203097276417,174.08974972921308,171.7274356199635,173.8031005859375,46311900
2023-08-22,175.00895776189057,175.62177093693052,174.2083431088137,175.17698669433594,42038900
2023-08-23,176.45205395893973,179.44695366375947,176.264252478764,179.0219268798828,52722800
2023-08-24,178.5770893414779,179.00211599851866,173.97106787286663,174.3367919921875,54945800
2023-08-25,175.3252527852027,177.07473842454561,173.78332608108835,176.54100036621094,51449600
2023-08-28,178.00387451255935,178.49808262553688,176.48172016068384,178.10272216796875,43820700
2023-08-29,177.61835511729424,182.75811538578077,177.42067493043544,181.98715209960938,53003900
2023-08-30,182.79767343476072,185.67396786591692,182.5999932338842,185.4762725830078,60813900
2023-08-31,185.6641048225717,186.92927641629686,185.3082743692093,185.69375610351562,60794500
2023-09-01,187.29500162288934,187.7200133732383,186.09901131803056,187.26535034179688,45766500
2023-09-05,186.09898389331408,187.77928826308653,185.4367469097816,187.50253295898438,45280000
2023-09-06,186.21757793807612,186.66237722656214,179.36786194540127,180.7911834716797,81755800
2023-09-07,173.15073850258275,176.1456533918577,171.52973657694065,175.503173828125,112488800
2023-09-08,176.2840107997074,178.15211655476327,175.7304851357375,176.115966796875,65551300
2023-09-11,177.98410020535158,178.21143169284028,175.28571330476424,177.28231811523438,58953100
2023-09-12,177.4108010563609,178.04338672084478,172.79489994360574,174.25775146484375,90370200
2023-09-13,174.46530026870357,175.2461573436229,171.96460903055169,172.19195556640625,84267900
2023-09-14,171.98441978182902,174.06009984649242,171.5692867853032,173.7042694091797,60895800
2023-09-15,174.43566940930017,174.45544195430384,171.806494041059,172.98269653320312,109259500
2023-09-18,174.4356410488132,177.3020563269988,174.12923452022085,175.90838623046875,67257600
2023-09-19,175.4636488877364,177.54920768301113,175.07816717117066,176.99569702148438,51826900
2023-09-20,177.18347129792434,177.61837681135137,173.36818440563272,173.4571533203125,58436200
2023-09-21,172.5280351536478,174.25776334751873,171.846025624082,171.9152069091797,63149100
2023-09-22,172.64665367280514,175.02874030453424,172.03384046276338,172.7652587890625,56725400
2023-09-25,172.18210166869468,174.92001880772483,172.13267784152856,174.0403289794922,46172700
2023-09-26,172.7949188930673,173.1705067749598,169.67152023376326,169.96804809570312,64588900
2023-09-27,170.62039864934732,171.03553164114703,167.0917606780329,168.4557647705078,66921800
2023-09-28,167.37840061261642,170.03724268196555,165.6783234920371,168.7127685546875,56294400
2023-09-29,170.02734498983367,171.06518493104676,168.36679806748614,169.2267303466797,51861100
2023-10-02,169.2365980179806,172.28092127496365,168.94994891630552,171.73728942871094,52164500
2023-10-03,170.26456118455488,171.61870157072957,168.84125459232132,170.40293884277344,49594600
2023-10-04,169.10813936129497,172.1920084405094,168.9895342327991,171.64837646484375,53020300
2023-10-05,171.77684421895017,173.41761872545223,170.67970163713667,172.88388061523438,48527900
2023-10-06,171.78676230125848,175.92822916434707,171.17393391683964,175.43402099609375,57266700
2023-10-09,174.76185568517045,176.9759132731787,173.76356081110382,176.91661071777344,42390800
2023-10-10,176.03691333055846,177.6381425852869,175.88864186643335,176.32354736328125,43698000
2023-10-11,176.13572202599048,177.76661741819404,175.54268149594157,177.71719360351562,47551100
2023-10-12,177.98409824545533,180.227791982292,176.96601576479657,178.61668395996094,56743100
2023-10-13,179.31841938459232,179.8225060882835,176.07641628337308,176.7781982421875,51427100
2023-10-16,174.7025383958498,177.00554962273654,174.46531311220224,176.64971923828125,52517000
2023-10-17,174.60370757241088,176.35320838797153,172.77514673671925,175.09791564941406,57549400
2023-10-18,173.5461178040648,175.5229501994882,173.08156098457755,173.8031005859375,54764400
2023-10-19,174.00075828264139,175.7799102245973,173.16061367257353,173.427490234375,59302900
2023-10-20,173.2792242572037,173.38795063159753,170.64015507731645,170.87738037109375,64244000
2023-10-23,168.93020088937016,171.99428177951037,167.96154224302492,170.99598693847656,55980100
2023-10-24,171.04544171274492,171.6582549852611,169.46396961859497,171.43092346191406,43816600
2023-10-25,169.88897487497013,171.0552987076063,168.67321213575732,169.11801147460938,57157000
2023-10-26,168.3964558542296,169.39476582537458,163.75090293239452,164.95677185058594,70625300
2023-10-27,164.97653958977486,167.00279566914165,164.89746448966903,166.2713623046875,58499100
2023-10-30,167.06210513671374,169.18719386762373,166.91383366211736,168.3173828125,51131000
2023-10-31,167.3882903979478,168.92032345051314,165.95507483465602,168.79183959960938,44846000
2023-11-01,169.01914553939386,172.2117251766134,168.14933458405196,171.95474243164062,56934900
2023-11-02,173.4868204991482,175.72063574409248,173.4275179386151,175.51307678222656,77334800
2023-11-03,172.22162738228718,174.77174274032964,171.34193765305042,174.60369873046875,79829200
2023-11-06,174.33686186638658,177.3515193436343,174.1688329148246,177.15383911132812,63841300
2023-11-07,177.10440348202485,180.32664987384885,176.89684453064555,179.71383666992188,70530000
2023-11-08,180.23768527185777,181.32493395317235,179.4864793691692,180.77142333984375,49340300
2023-11-09,180.8406289798602,181.98718027395728,179.70394133589065,180.2969970703125,53763500
2023-11-10,182.07849676599454,184.6517706680945,181.64301825007877,184.48350524902344,66133400
2023-11-13,183.9094650326421,184.11729742228064,182.31601793716675,182.8999481201172,43627500
2023-11-14,185.7701387274506,186.17592689168708,184.38453902262373,185.5128173828125,60108400
2023-11-15,185.91860660743325,187.55163591900057,185.84931907084464,186.0769500732422,53790500
2023-11-16,187.6209157424311,188.9966236513369,186.7103615664657,187.7594757080078,54412900
2023-11-17,188.29392494435922,188.42259316852056,186.63120528706287,187.73968505859375,50922700
2023-11-20,187.93760923589429,189.93684445013852,187.92771748948175,189.4815673828125,46505100
2023-11-21,189.44198846283598,189.55085808280586,187.78916067013205,188.67990112304688,38134500
2023-11-22,189.52119000957208,190.9463718813115,188.8679722130009,189.34303283691406,39617700
2023-11-24,188.90755574993122,188.93724609528368,187.30421669327737,188.01681518554688,24048300
2023-11-27,187.96732179253766,188.70961061258598,186.95780476873864,187.83865356445312,40552600
2023-11-28,187.82873180101734,189.1153685705385,187.45263402635211,188.44235229492188,38415400
2023-11-29,188.93722623545,190.11499348364924,187.02707707633283,187.42295837402344,43014200
2023-11-30,187.88812439803064,188.36320007044645,186.2550951920731,187.9969940185547,48794400
2023-12-01,188.37309535289532,189.5904446947665,187.28439912721964,189.27374267578125,45704800
2023-12-04,188.02667840765253,188.09596593756666,185.52269231677565,187.48233032226562,43389500
2023-12-05,188.25434777036742,192.4012552746417,188.22464232394302,191.43133544921875,66628400
2023-12-06,192.45072587794942,192.75753614335477,190.1347886146608,190.34263610839844,41089700
2023-12-07,191.63916388460834,192.99507315570867,191.59956669458757,192.2725830078125,47477700
2023-12-08,192.20326977184553,193.97487379172213,191.67872033849463,193.69775390625,53406400
2023-12-11,191.12449893522992,191.5005967167582,189.4518726145205,191.1937713623047,60943700
2023-12-12,191.0947776923551,192.7179148158708,189.74876043612988,192.70802307128906,52696900
2023-12-13,193.08415015292962,195.96423418895137,192.8466274130704,195.92465209960938,70404200
2023-12-14,195.98400332676113,197.5675433947849,194.1431268600313,196.0730743408203,66831600
2023-12-15,195.4990533238864,196.36010340669733,194.97450383643803,195.5386505126953,128538400
2023-12-18,194.07384089090513,194.60829718334298,192.39132294807408,193.8759002685547,55751900
2023-12-19,194.14313632648785,194.92500710230044,193.87590816937887,194.9151153564453,40714100
2023-12-20,194.87553713507947,195.6475162401682,192.8268280029297,192.8268280029297,52242800
2023-12-21,194.08375795359612,195.0536776254948,191.51048442189503,192.6783447265625,46482500
2023-12-22,193.17320815773428,193.40085423729087,190.98593919883143,191.60946655273438,37149600
2023-12-26,191.6193643540786,191.89648427525853,190.84738527337694,191.06512451171875,28919300
2023-12-27,190.5108903848591,191.5105004803971,189.12527563548673,191.16409301757812,48087700
2023-12-28,192.14393105407996,192.65858885458314,191.18390299052217,191.58969116210938,34049900
2023-12-29,191.90635467026271,192.40121377472641,189.75866796911842,190.55044555664062,42672100
